ALP2 - ACMV - BOQ,,,,,,,
,,,,,,,
ITEM,,DESCRIPTION,,UNIT,QTY, RATE  , SPECIFIC DIMENSION 
,,,,,,,
01.00.00,,PRELIMINARIES AND GENERAL CONDITIONS,,,,,
,,,,,,,
01.01.00,,"Compliance to the conditions of contract, main contract document, tender specification etc.
(1 Lot ~ Inclusive)",,,,,
,,,,,,,
01.02.00,,"Submission and liason to all authorities, obtaining approval from the authorities for the drawings, installations and compliance with all authorities requirements.",,Lot,1," 5,000.00 "," 5,000.00 "
,,,,,,,
01.03.00,,"Arrangements for all authority's inspections and testing, issuance of clearance letters, certificates and licenses.",,Lot,1," 5,000.00 "," 5,000.00 "
,,,,,,,
01.04.00,,Submission of shop drawings and materials to consultant's approval and material sample board before commencement of work at site.,,Lot,1," 3,000.00 "," 3,000.00 "
,,,,,,,
01.05.00,,"For compliance with the requirement for as-built drawings/data, Operational and Maintenance Instruction and Manual, 6 sets of hard cover bound documents of operation manuals, parts catalogues, testing and commissioning results, warranty and as built drawing and two softcopys in CD form.",,Lot,1," 3,000.00 "," 3,000.00 "
,,,,,,,
01.06.00,,"Performance Bond, Workmen compensation insurance or SOCSO.
(1 Lot ~ Inclusive)",,Lot,1," 15,000.00 "," 15,000.00 "
,,,,,,,
01.07.00,,Full time site supervisor for the duration of the project and liaison/coordination with other subcontractors.,,Lot,1," 40,000.00 "," 40,000.00 "
,,,,,,,
01.08.00,,"Testing, commissioning, balancing, running in period and taking over.",,Lot,1," 30,000.00 "," 30,000.00 "
,,,,,,,
01.09.00,,"Complete labelling, painting and finishing works to architect's/consultant's requirements.",,Lot,1," 10,000.00 "," 10,000.00 "
,,,,,,,
01.10.00,,Site clearing and cleanliness of site.,,Lot,1," 10,000.00 "," 10,000.00 "
,,,,,,,
01.11.00,,Cost for providing labour and material to conduct routine service and maintenance as per specification inclusive of monthly preventive inspection and all cost to replace defective material and workmenship during 24 months defect liability period.,,,,,
,,,,,,,
01.11.01,,Year 1,,Lot,1," 30,000.00 "," 30,000.00 "
,,,,,,,
01.11.02,,Year 2,,Lot,1," 30,000.00 "," 30,000.00 "
,,,,,,,
01.12.00,,"All necessary machineries such as boom lift, scissor lift, genset, temporary lighting etc for the completion of the work and system including JKKP, safety requirement and relevant authorities approval.",,Lot,1," 40,000.00 "," 40,000.00 "
,,,,,,,
01.13.00,,"Temporary electrical and water supply for the installation works, testing and commissioning. Sub-contractors are required to provide their own generator set.  
(1 Lot ~ Inclusive)",,Lot,1," 20,000.00 "," 20,000.00 "
,,,,,,,
01.14.00,,"Hot smoke test for smoke spill system includes tray with fuel, water bath, portable extinguisher, smoke generator and all necessary test apparatus to Bomba authority requirement.  
(1 Lot ~ Inclusive)",,Lot,1," 15,000.00 "," 15,000.00 "
,,,,,,,
01.15.00,,"Electrical panels testing and commisioning work done  by Suruhanjaya Tenaga registered competent person including form G and H submission.
(1 Lot ~ Inclusive)",,Lot,1," 10,000.00 "," 10,000.00 "
,,,,,,,
01.16.00,,"Perform pre-Bomba testing and conduct inspection and testing together with Bomba.
(1 Lot ~ Inclusive)",,Lot,1," 6,000.00 "," 6,000.00 "
,,,,,,,
01.17.00,,"Flat floor protection for all the installation works.
(1 Lot ~ Inclusive)",,Lot,1," 10,000.00 "," 10,000.00 "
,,,,,,,
,,Total 01.00.00 To Be Carried Forward To Summary of Tender Prices,,,,," 282,000.00 "
,,,,,,,
02.00.00,,AIR CONDITIONING SYSTEM,,,,,
,,,,,,,
02.01.00,,TO SUPPLY AND INSTALL the following air cooled split unit c/w necessary accessories as per specification as shown in drawings and tender documents .,,,,,
,,,,,,,
02.01.01,,"ACSU-F00-GH-01 & 02 (Type: Ceiling cassette, 9,500 btu/hr)",,Nos,2," 4,010.00 "," 8,020.00 "
02.01.02,,"ACSU-F00-SERVER-01 & 02 (Type: Ceiling cassette, 9,500 btu/hr)",,Nos,2," 4,010.00 "," 8,020.00 "
02.01.03,,"ACSU-M00-01 to 12 (Type: Ceiling cassette, 9,500 btu/hr)",,Nos,12," 4,010.00 "," 48,120.00 "
02.01.04,,"ACSU-M00-13 to 38 (Type: Ceiling cassette, 18,500 btu/hr)",,Nos,26," 5,620.00 "," 146,120.00 "
02.01.05,,"ACSU-F01-SERVER-01 & 02 (Type: Ceiling cassette, 9,500 btu/hr)",,Nos,2," 4,010.00 "," 8,020.00 "
02.01.06,,"ACSU-M01-01 to 12 (Type: Ceiling cassette, 9,500 btu/hr)",,Nos,12," 4,010.00 "," 48,120.00 "
02.01.07,,"ACSU-M01-13 to 38 (Type: Ceiling cassette, 18,500 btu/hr)",,Nos,26," 5,620.00 "," 146,120.00 "
02.01.08,,"ACSU-M02-01 to 12 (Type: Ceiling cassette, 9,500 btu/hr)",,Nos,12," 4,010.00 "," 48,120.00 "
02.01.09,,"ACSU-M02-13 to 38 (Type: Ceiling cassette, 18,500 btu/hr)",,Nos,26," 5,620.00 "," 146,120.00 "
,,,,,,,
02.02.00,,"TO SUPPLY AND INSTALL refrigerant & drain piping  and all necessary accessories including necessary items to manufacturer requirements, drawings and specifications.",,,,,
,,,,,,,
02.02.01,,"ACSU-F00-GH-01 & 02 (Type: Ceiling cassette, 9,500 btu/hr)",,Lot,1," 3,180.00 "," 3,180.00 "
02.02.02,,"ACSU-F00-SERVER-01 & 02 (Type: Ceiling cassette, 9,500 btu/hr)",,Lot,1," 3,180.00 "," 3,180.00 "
02.02.03,,"ACSU-M00-01 to 12 (Type: Ceiling cassette, 9,500 btu/hr)",,Lot,1," 19,080.00 "," 19,080.00 "
02.02.04,,"ACSU-M00-13 to 38 (Type: Ceiling cassette, 18,500 btu/hr)",,Lot,1," 51,680.00 "," 51,680.00 "
02.02.05,,"ACSU-F01-SERVER-01 & 02 (Type: Ceiling cassette, 9,500 btu/hr)",,Lot,1," 3,180.00 "," 3,180.00 "
02.02.06,,"ACSU-M01-01 to 12 (Type: Ceiling cassette, 9,500 btu/hr)",,Lot,1," 19,080.00 "," 19,080.00 "
02.02.07,,"ACSU-M01-13 to 38 (Type: Ceiling cassette, 18,500 btu/hr)",,Lot,1," 51,680.00 "," 51,680.00 "
02.02.08,,"ACSU-M02-01 to 12 (Type: Ceiling cassette, 9,500 btu/hr)",,Lot,1," 19,080.00 "," 19,080.00 "
02.02.09,,"ACSU-M02-13 to 38 (Type: Ceiling cassette, 18,500 btu/hr)",,Lot,1," 51,680.00 "," 51,680.00 "
,,,,,,,
02.03.00,,"TO SUPPLY AND INSTALL the followings control panel  as per tender drawing and specifications c/w circuit breaker, earth leakage protection, electrical bar, panel, earthing, wiring  and all necessary accessories.",,,,,
,,,,,,,
02.03.01,,ACP-F00-GH-01,,Lot,1," 10,070.00 "," 10,070.00 "
02.03.02,,ACP-F01-Server-02,,Lot,1," 10,070.00 "," 10,070.00 "
02.03.03,,ACP-F02-Server-02,,Lot,1," 10,070.00 "," 10,070.00 "
02.03.04,,ACP-OA-GM,,Lot,1," 11,660.00 "," 11,660.00 "
02.03.05,,ACP-OB-GM,,Lot,1," 11,660.00 "," 11,660.00 "
02.03.06,,ACP-OA-1M,,Lot,1," 11,660.00 "," 11,660.00 "
02.03.07,,ACP-OB-1M,,Lot,1," 11,660.00 "," 11,660.00 "
02.03.08,,ACP-OA-2M,,Lot,1," 11,660.00 "," 11,660.00 "
02.03.09,,ACP-OB-2M,,Lot,1," 11,660.00 "," 11,660.00 "
,,,,,,,
02.04.00,,"To supply and install control wiring c/w conduits and brackets as per drawings and specification.
",,,,,
,,,,,,,
02.04.01,,"ACSU-F00-GH-01 & 02 (Type: Ceiling cassette, 9,500 btu/hr)",,Lot,1," 1,060.00 "," 1,060.00 "
02.04.02,,"ACSU-F00-SERVER-01 & 02 (Type: Ceiling cassette, 9,500 btu/hr)",,Lot,1," 1,060.00 "," 1,060.00 "
02.04.03,,"ACSU-M00-01 to 12 (Type: Ceiling cassette, 9,500 btu/hr)",,Lot,1," 6,360.00 "," 6,360.00 "
02.04.04,,"ACSU-M00-13 to 38 (Type: Ceiling cassette, 18,500 btu/hr)",,Lot,1," 17,230.00 "," 17,230.00 "
02.04.05,,"ACSU-F01-SERVER-01 & 02 (Type: Ceiling cassette, 9,500 btu/hr)",,Lot,1," 1,060.00 "," 1,060.00 "
02.04.06,,"ACSU-M01-01 to 12 (Type: Ceiling cassette, 9,500 btu/hr)",,Lot,1," 6,360.00 "," 6,360.00 "
02.04.07,,"ACSU-M01-13 to 38 (Type: Ceiling cassette, 18,500 btu/hr)",,Lot,1," 17,230.00 "," 17,230.00 "
02.04.08,,"ACSU-M02-01 to 12 (Type: Ceiling cassette, 9,500 btu/hr)",,Lot,1," 6,360.00 "," 6,360.00 "
02.04.09,,"ACSU-M02-13 to 38 (Type: Ceiling cassette, 18,500 btu/hr)",,Lot,1," 17,230.00 "," 17,230.00 "
,,,,,,,
02.05.00,,TO SUPPLY AND INSTALL the following air cooled VRV/VRF equipment c/w necessary accessories as per specification as shown in drawings and tender documents .,,,,,
,,,,,,,
02.05.01,,VRV-F00-01,,Nos,1," 2,480.00 "," 2,480.00 "
02.05.02,,VRV-F00-02 TO 10,,Nos,9," 2,850.00 "," 25,650.00 "
02.05.03,,VRV-M00-01 & 02,,Nos,2," 2,480.00 "," 4,960.00 "
02.05.04,,VRV-M00-03 TO 08,,Nos,6," 2,850.00 "," 17,100.00 "
02.05.05,,CU-R00-01,,Nos,1," 62,480.00 "," 62,480.00 "
,,,,,,,
02.06.00,,"TO SUPPLY AND INSTALL refrigerant & drain piping  and all necessary accessories including necessary items to manufacturer requirements, drawings and specifications.",,,,,
,,,,,,,
02.06.01,,VRV-F00-01,,Lot,1," 3,540.00 "," 3,540.00 "
02.06.02,,VRV-F00-02 TO 10,,Lot,1," 31,800.00 "," 31,800.00 "
02.06.03,,VRV-M00-01 & 02,,Lot,1," 7,070.00 "," 7,070.00 "
02.06.04,,VRV-M00-03 TO 08,,Lot,1," 21,200.00 "," 21,200.00 "
02.06.05,,CU-R00-01,,Lot,1," 3,540.00 "," 3,540.00 "
,,,,,,,
02.07.00,,"TO SUPPLY AND INSTALL the followings control panel  as per tender drawing and specifications c/w circuit breaker, earth leakage protection, electrical bar, panel, earthing and all necessary accessories.",,,,,
,,,,,,,
02.07.01,,CP-VRF-R00-01,,Lot,1," 12,720.00 "," 12,720.00 "
,,,,,,,
02.08.00,,"To supply and install control wiring c/w conduits and brackets as per drawings and specification.
",,,,,
,,,,,,,
02.08.01,,VRV-F00-01,,Lot,1," 1,180.00 "," 1,180.00 "
02.08.02,,VRV-F00-02 TO 10,,Lot,1," 10,600.00 "," 10,600.00 "
02.08.03,,VRV-M00-01 & 02,,Lot,1," 2,360.00 "," 2,360.00 "
02.08.04,,VRV-M00-03 TO 08,,Lot,1," 7,070.00 "," 7,070.00 "
02.08.05,,CU-R00-01,,Lot,1," 1,180.00 "," 1,180.00 "
,,,,,,,
02.09.00,,"Price for any other items NOT mentioned in the above items but shown in the drawings or described in the specification or obviously necessary for complete installation, satisfactory and efficient operation and maintenance of the air conditioning system to authorities and good engineering practice. If no details are to be given, contractor is deem to have priced and included all necessary for the complete installation as per drawings, specification and authority requirements.",,,,,
02.09.01,,,,,,,
02.09.02,,,,,,,
02.09.03,,,,,,,
,,,,,,,
,,Total 02.00.00 To Be Carried Forward To Summary of Tender Prices,,,,," 1,217,650.00 "
,,,,,,,
03.00.00,,MECHANICAL VENTILATION SERVICES,,,,,
,,,,,,,
03.01.00,,TO SUPPLY AND INSTALL the following ventilation/smoke spill fans c/w motor as per drawings and specification.,,,,,
,,,,,,,
03.01.01,,EXF-F00-CW-01,,Nos,1, 780.00 , 780.00 
03.01.02,,EXF-F00-FP-01,,Nos,1," 1,150.00 "," 1,150.00 "
03.01.03,,EXF-F00-FP-02,,Nos,1," 1,150.00 "," 1,150.00 "
03.01.04,,EXF-F00-CON-01 TO 06,,Nos,6," 1,150.00 "," 6,900.00 "
03.01.05,,FAF-F00-01,,Nos,1," 1,710.00 "," 1,710.00 "
03.01.06,,EXF-M00-SC-01,,Nos,1," 4,080.00 "," 4,080.00 "
03.01.07,,FAF-M00-SC-01,,Nos,1," 4,080.00 "," 4,080.00 "
03.01.08,,EXF-M00-SC-02,,Nos,1," 4,080.00 "," 4,080.00 "
03.01.09,,FAF-M00-SC-02,,Nos,1," 4,080.00 "," 4,080.00 "
03.01.10,,EXF-M00-SC-03,,Nos,1," 4,350.00 "," 4,350.00 "
03.01.11,,FAF-M00-SC-03,,Nos,1," 4,350.00 "," 4,350.00 "
03.01.12,,EXF-M00-TOILET(F)-01,,Nos,1," 1,270.00 "," 1,270.00 "
03.01.13,,EXF-M00-TOILET(M)-01,,Nos,1," 1,270.00 "," 1,270.00 "
03.01.14,,EXF-M01-SC-01,,Nos,1," 4,080.00 "," 4,080.00 "
03.01.15,,FAF-M01-SC-01,,Nos,1," 4,080.00 "," 4,080.00 "
03.01.16,,EXF-M01-SC-02,,Nos,1," 4,080.00 "," 4,080.00 "
03.01.17,,FAF-M01-SC-02,,Nos,1," 4,080.00 "," 4,080.00 "
03.01.18,,EXF-M01-SC-03,,Nos,1," 4,350.00 "," 4,350.00 "
03.01.19,,FAF-M01-SC-03,,Nos,1," 4,350.00 "," 4,350.00 "
03.01.20,,EXF-M01-TOILET(F)-01,,Nos,1," 1,270.00 "," 1,270.00 "
03.01.21,,EXF-M01-TOILET(M)-01,,Nos,1," 1,270.00 "," 1,270.00 "
03.01.22,,EXF-M02-SC-01,,Nos,1," 4,080.00 "," 4,080.00 "
03.01.23,,FAF-M02-SC-01,,Nos,1," 4,080.00 "," 4,080.00 "
03.01.24,,EXF-M02-SC-02,,Nos,1," 4,080.00 "," 4,080.00 "
03.01.25,,FAF-M02-SC-02,,Nos,1," 4,080.00 "," 4,080.00 "
03.01.26,,EXF-M02-SC-03,,Nos,1," 4,350.00 "," 4,350.00 "
03.01.27,,FAF-M02-SC-03,,Nos,1," 4,350.00 "," 4,350.00 "
03.01.28,,EXF-M02-TOILET(F)-01,,Nos,1," 1,270.00 "," 1,270.00 "
03.01.29,,EXF-M02-TOILET(M)-01,,Nos,1," 1,270.00 "," 1,270.00 "
03.01.30,,EXF-R00-CHW-01,,Nos,1," 3,550.00 "," 3,550.00 "
03.01.31,,EXF-R00-DCW-01,,Nos,1," 1,650.00 "," 1,650.00 "
03.01.32,,PFF-R00-LL1-01,,Nos,1," 6,890.00 "," 6,890.00 "
03.01.33,,PFF-R00-LL2-01,,Nos,1," 6,890.00 "," 6,890.00 "
03.01.34,,PFF-R00-LL4-01,,Nos,1," 6,890.00 "," 6,890.00 "
03.01.35,,PFF-R00-S1-01,,Nos,1," 4,590.00 "," 4,590.00 "
03.01.36,,SSF-R00-ASRS-01 TO 16,,Nos,16," 23,730.00 "," 379,680.00 "
03.01.37,,KEF-F00-01,,Nos,1," 5,340.00 "," 5,340.00 "
,,,,,,,
03.02.00,,"TO SUPPLY AND INSTALL G.I. ventilation ductwork c/w TDC joints, duct fittings, and other necessary accessories compliance to tender drawings, specifications and the latest SMACNA duct construction requirement for the following ventilation fans :-
(minimum 1.2mm thickness G.I. duct for fire smoke spill and pressurization system) ",,,,,
,,,,,,,
03.02.01,,FAF-F00-01,,Lot,1, 440.00 , 440.00 
03.02.02,,EXF-M00-SC-01,,Lot,1," 33,560.00 "," 33,560.00 "
03.02.03,,FAF-M00-SC-01,,Lot,1," 21,200.00 "," 21,200.00 "
03.02.04,,EXF-M00-SC-02,,Lot,1," 21,200.00 "," 21,200.00 "
03.02.05,,FAF-M00-SC-02,,Lot,1," 17,990.00 "," 17,990.00 "
03.02.06,,EXF-M00-SC-03,,Lot,1," 20,620.00 "," 20,620.00 "
03.02.07,,FAF-M00-SC-03,,Lot,1," 29,040.00 "," 29,040.00 "
03.02.08,,EXF-M00-TOILET(F)-01,,Lot,1," 2,750.00 "," 2,750.00 "
03.02.09,,EXF-M00-TOILET(M)-01,,Lot,1," 3,180.00 "," 3,180.00 "
03.02.10,,EXF-M01-SC-01,,Lot,1," 33,560.00 "," 33,560.00 "
03.02.11,,FAF-M01-SC-01,,Lot,1," 21,200.00 "," 21,200.00 "
03.02.12,,EXF-M01-SC-02,,Lot,1," 21,200.00 "," 21,200.00 "
03.02.13,,FAF-M01-SC-02,,Lot,1," 17,990.00 "," 17,990.00 "
03.02.14,,EXF-M01-SC-03,,Lot,1," 20,620.00 "," 20,620.00 "
03.02.15,,FAF-M01-SC-03,,Lot,1," 29,040.00 "," 29,040.00 "
03.02.16,,EXF-M01-TOILET(F)-01,,Lot,1," 2,750.00 "," 2,750.00 "
03.02.17,,EXF-M01-TOILET(M)-01,,Lot,1," 3,180.00 "," 3,180.00 "
03.02.18,,EXF-M02-SC-01,,Lot,1," 33,560.00 "," 33,560.00 "
03.02.19,,FAF-M02-SC-01,,Lot,1," 21,200.00 "," 21,200.00 "
03.02.20,,EXF-M02-SC-02,,Lot,1," 21,200.00 "," 21,200.00 "
03.02.21,,FAF-M02-SC-02,,Lot,1," 17,990.00 "," 17,990.00 "
03.02.22,,EXF-M02-SC-03,,Lot,1," 20,620.00 "," 20,620.00 "
03.02.23,,FAF-M02-SC-03,,Lot,1," 29,040.00 "," 29,040.00 "
03.02.24,,EXF-M02-TOILET(F)-01,,Lot,1," 2,750.00 "," 2,750.00 "
03.02.25,,EXF-M02-TOILET(M)-01,,Lot,1," 3,180.00 "," 3,180.00 "
03.02.26,,EXF-R00-CHW-01,,Lot,1," 6,130.00 "," 6,130.00 "
03.02.27,,PFF-R00-LL1-01,,Lot,1," 6,050.00 "," 6,050.00 "
03.02.28,,PFF-R00-LL2-01,,Lot,1," 2,750.00 "," 2,750.00 "
03.02.29,,PFF-R00-LL4-01,,Lot,1," 2,870.00 "," 2,870.00 "
03.02.30,,PFF-R00-S1-01,,Lot,1," 1,970.00 "," 1,970.00 "
03.02.31,,KEF-F00-01,,Lot,1, 800.00 , 800.00 
,,,,,,,
03.03.00,,"TO SUPPLY AND INSTALL  the following c/w powder coated aluminium louvers, grilles with opposed blade damper (OBD), G.I. dampers, motorized fire dampers as per drawings and specifications. Air louvers at fascade or outdoor shall be weather proof type. ",,,,,
,,,,,,,
03.03.01,,EXF-F00-CW-01,,,,,
,,External Louver ,,Lot,1, 910.00 , 910.00 
,,,,,,,
03.03.02,,EXF-F00-FP-01,,,,,
,,External Louver ,,Lot,1," 1,820.00 "," 1,820.00 "
,,,,,,,
03.03.03,,EXF-F00-FP-02,,,,,
,,External Louver ,,Lot,1," 1,820.00 "," 1,820.00 "
,,,,,,,
03.03.04,,EXF-F00-CON-01 TO 06,,,,,
,,External Louver ,,Lot,1," 10,880.00 "," 10,880.00 "
,,,,,,,
03.03.05,,FAF-F00-01,,,,,
,,Exhaust Air Grille ,,Lot,1, 450.00 , 450.00 
,,External Louver ,,Lot,1, 460.00 , 460.00 
,,,,,,,
03.03.06,,EXF-M00-SC-01,,,,,
,,Exhaust Air Grille ,,Lot,1," 3,020.00 "," 3,020.00 "
,,External Louver ,,Lot,1," 8,910.00 "," 8,910.00 "
,,,,,,,
03.03.07,,FAF-M00-SC-01,,,,,
,,Exhaust Air Grille ,,Lot,1," 3,020.00 "," 3,020.00 "
,,External Louver ,,Lot,1," 8,910.00 "," 8,910.00 "
,,,,,,,
03.03.08,,EXF-M00-SC-02,,,,,
,,Exhaust Air Grille ,,Lot,1," 3,020.00 "," 3,020.00 "
,,External Louver ,,Lot,1," 8,910.00 "," 8,910.00 "
,,,,,,,
03.03.09,,FAF-M00-SC-02,,,,,
,,Exhaust Air Grille ,,Lot,1," 3,020.00 "," 3,020.00 "
,,External Louver ,,Lot,1," 8,910.00 "," 8,910.00 "
,,,,,,,
03.03.10,,EXF-M00-SC-03,,,,,
,,Exhaust Air Grille ,,Lot,1," 3,020.00 "," 3,020.00 "
,,External Louver ,,Lot,1," 8,910.00 "," 8,910.00 "
,,,,,,,
03.03.11,,FAF-M00-SC-03,,,,,
,,Exhaust Air Grille ,,Lot,1," 3,020.00 "," 3,020.00 "
,,External Louver ,,Lot,1," 8,910.00 "," 8,910.00 "
,,,,,,,
03.03.12,,EXF-M00-TOILET(F)-01,,,,,
,,Exhaust Air Grille ,,Lot,1, 750.00 , 750.00 
,,External Louver ,,Lot,1, 430.00 , 430.00 
,,,,,,,
03.03.13,,EXF-M00-TOILET(M)-01,,,,,
,,Exhaust Air Grille ,,Lot,1, 930.00 , 930.00 
,,External Louver ,,Lot,1, 430.00 , 430.00 
,,,,,,,
03.03.14,,EXF-M01-SC-01,,,,,
,,Exhaust Air Grille ,,Lot,1," 3,020.00 "," 3,020.00 "
,,External Louver ,,Lot,1," 8,910.00 "," 8,910.00 "
,,,,,,,
03.03.15,,FAF-M01-SC-01,,,,,
,,Exhaust Air Grille ,,Lot,1," 3,020.00 "," 3,020.00 "
,,External Louver ,,Lot,1," 8,910.00 "," 8,910.00 "
,,,,,,,
03.03.16,,EXF-M01-SC-02,,,,,
,,Exhaust Air Grille ,,Lot,1," 3,020.00 "," 3,020.00 "
,,External Louver ,,Lot,1," 8,910.00 "," 8,910.00 "
,,,,,,,
03.03.17,,FAF-M01-SC-02,,,,,
,,Exhaust Air Grille ,,Lot,1," 3,020.00 "," 3,020.00 "
,,External Louver ,,Lot,1," 8,910.00 "," 8,910.00 "
,,,,,,,
03.03.18,,EXF-M01-SC-03,,,,,
,,Exhaust Air Grille ,,Lot,1," 3,020.00 "," 3,020.00 "
,,External Louver ,,Lot,1," 8,910.00 "," 8,910.00 "
,,,,,,,
03.03.19,,FAF-M01-SC-03,,,,,
,,Exhaust Air Grille ,,Lot,1," 3,020.00 "," 3,020.00 "
,,External Louver ,,Lot,1," 8,910.00 "," 8,910.00 "
,,,,,,,
03.03.20,,EXF-M01-TOILET(F)-01,,,,,
,,Exhaust Air Grille ,,Lot,1, 750.00 , 750.00 
,,External Louver ,,Lot,1, 430.00 , 430.00 
,,,,,,,
03.03.21,,EXF-M01-TOILET(M)-01,,,,,
,,Exhaust Air Grille ,,Lot,1, 930.00 , 930.00 
,,External Louver ,,Lot,1, 430.00 , 430.00 
,,,,,,,
03.03.22,,EXF-M02-SC-01,,,,,
,,Exhaust Air Grille ,,Lot,1," 3,020.00 "," 3,020.00 "
,,External Louver ,,Lot,1," 8,910.00 "," 8,910.00 "
,,,,,,,
03.03.23,,FAF-M02-SC-01,,,,,
,,Exhaust Air Grille ,,Lot,1," 3,020.00 "," 3,020.00 "
,,External Louver ,,Lot,1," 8,910.00 "," 8,910.00 "
,,,,,,,
03.03.24,,EXF-M02-SC-02,,,,,
,,Exhaust Air Grille ,,Lot,1," 3,020.00 "," 3,020.00 "
,,External Louver ,,Lot,1," 8,910.00 "," 8,910.00 "
,,,,,,,
03.03.25,,FAF-M02-SC-02,,,,,
,,Exhaust Air Grille ,,Lot,1," 3,020.00 "," 3,020.00 "
,,External Louver ,,Lot,1," 8,910.00 "," 8,910.00 "
,,,,,,,
03.03.26,,EXF-M02-SC-03,,,,,
,,Exhaust Air Grille ,,Lot,1," 3,020.00 "," 3,020.00 "
,,External Louver ,,Lot,1," 8,910.00 "," 8,910.00 "
,,,,,,,
03.03.27,,FAF-M02-SC-03,,,,,
,,Exhaust Air Grille ,,Lot,1," 3,020.00 "," 3,020.00 "
,,External Louver ,,Lot,1," 8,910.00 "," 8,910.00 "
,,,,,,,
03.03.28,,EXF-M02-TOILET(F)-01,,,,,
,,Exhaust Air Grille ,,Lot,1, 750.00 , 750.00 
,,External Louver ,,Lot,1, 430.00 , 430.00 
,,,,,,,
03.03.29,,EXF-M02-TOILET(M)-01,,,,,
,,Exhaust Air Grille ,,Lot,1, 930.00 , 930.00 
,,External Louver ,,Lot,1, 430.00 , 430.00 
,,,,,,,
03.03.30,,EXF-R00-CHW-01,,,,,
,,Exhaust Air Grille ,,Lot,1," 2,680.00 "," 2,680.00 "
,,External Louver ,,Lot,1," 1,970.00 "," 1,970.00 "
,,,,,,,
03.03.31,,EXF-R00-DCW-01,,,,,
,,External Louver ,,Lot,1," 1,820.00 "," 1,820.00 "
,,,,,,,
03.03.32,,PFF-R00-LL1-01,,,,,
,,Pressurization Air Grille ,,Lot,1," 13,740.00 "," 13,740.00 "
,,,,,,,
03.03.33,,PFF-R00-LL2-01,,,,,
,,Pressurization Air Grille ,,Lot,1," 13,740.00 "," 13,740.00 "
,,,,,,,
03.03.34,,PFF-R00-LL4-01,,,,,
,,Pressurization Air Grille ,,Lot,1," 10,310.00 "," 10,310.00 "
,,,,,,,
03.03.35,,PFF-R00-S1-01,,,,,
,,Pressurization Air Grille ,,Lot,1," 8,590.00 "," 8,590.00 "
,,,,,,,
03.04.00,,"TO SUPPLY AND INSTALL the followings control panel  as per tender drawing and specifications c/w circuit breaker, earth leakage protection, electrical bar, panel, earthing and all necessary accessories.",,,,,
,,,,,,,
03.04.01,,EFP-F00-HT,,Lot,1," 4,770.00 "," 4,770.00 "
03.04.02,,EFP-M00-SC1,,Lot,1," 6,890.00 "," 6,890.00 "
03.04.03,,EFP-M00-SC2,,Lot,1," 6,890.00 "," 6,890.00 "
03.04.04,,EFP-M00-SC3,,Lot,1," 7,420.00 "," 7,420.00 "
03.04.05,,EFP-M01-SC1,,Lot,1," 6,890.00 "," 6,890.00 "
03.04.06,,EFP-M01-SC2,,Lot,1," 6,890.00 "," 6,890.00 "
03.04.07,,EFP-M01-SC3,,Lot,1," 7,420.00 "," 7,420.00 "
03.04.08,,EFP-M02-SC1,,Lot,1," 6,890.00 "," 6,890.00 "
03.04.09,,EFP-M02-SC2,,Lot,1," 6,890.00 "," 6,890.00 "
03.04.10,,EFP-M02-SC3,,Lot,1," 7,420.00 "," 7,420.00 "
03.04.11,,EFP-PAF-01,,Lot,1," 13,250.00 "," 13,250.00 "
03.04.12,,EFP-PAF-02,,Lot,1," 13,250.00 "," 13,250.00 "
03.04.13,,EFP-PAF-03,,Lot,1," 13,250.00 "," 13,250.00 "
03.04.14,,EFP-PAF-04,,Lot,1," 8,700.00 "," 8,700.00 "
03.04.15,,MCC-SSF-01,,Lot,1," 31,800.00 "," 31,800.00 "
03.04.16,,MCC-SSF-02,,Lot,1," 31,800.00 "," 31,800.00 "
03.04.17,,EFP-KEF-01,,Lot,1," 6,890.00 "," 6,890.00 "
,,,,,,,
03.05.00,,"To supply and install control wiring c/w conduits and brackets as per drawings and specification.
",,,,, -   
,,,,,,,
03.05.01,,EXF-F00-CW-01,,Lot,1," 1,060.00 "," 1,060.00 "
03.05.02,,EXF-F00-FP-01,,Lot,1," 1,060.00 "," 1,060.00 "
03.05.03,,EXF-F00-FP-02,,Lot,1," 1,060.00 "," 1,060.00 "
03.05.04,,EXF-F00-CON-01 TO 06,,Lot,1," 1,060.00 "," 1,060.00 "
03.05.05,,FAF-F00-01,,Lot,1," 1,060.00 "," 1,060.00 "
03.05.06,,EXF-M00-SC-01,,Lot,1," 1,590.00 "," 1,590.00 "
03.05.07,,FAF-M00-SC-01,,Lot,1," 1,590.00 "," 1,590.00 "
03.05.08,,EXF-M00-SC-02,,Lot,1," 1,590.00 "," 1,590.00 "
03.05.09,,FAF-M00-SC-02,,Lot,1," 1,590.00 "," 1,590.00 "
03.05.10,,EXF-M00-SC-03,,Lot,1," 1,590.00 "," 1,590.00 "
03.05.11,,FAF-M00-SC-03,,Lot,1," 1,590.00 "," 1,590.00 "
03.05.12,,EXF-M00-TOILET(F)-01,,Lot,1," 1,060.00 "," 1,060.00 "
03.05.13,,EXF-M00-TOILET(M)-01,,Lot,1," 1,060.00 "," 1,060.00 "
03.05.14,,EXF-M01-SC-01,,Lot,1," 1,590.00 "," 1,590.00 "
03.05.15,,FAF-M01-SC-01,,Lot,1," 1,590.00 "," 1,590.00 "
03.05.16,,EXF-M01-SC-02,,Lot,1," 1,590.00 "," 1,590.00 "
03.05.17,,FAF-M01-SC-02,,Lot,1," 1,590.00 "," 1,590.00 "
03.05.18,,EXF-M01-SC-03,,Lot,1," 1,590.00 "," 1,590.00 "
03.05.19,,FAF-M01-SC-03,,Lot,1," 1,590.00 "," 1,590.00 "
03.05.20,,EXF-M01-TOILET(F)-01,,Lot,1," 1,060.00 "," 1,060.00 "
03.05.21,,EXF-M01-TOILET(M)-01,,Lot,1," 1,060.00 "," 1,060.00 "
03.05.22,,EXF-M02-SC-01,,Lot,1," 1,590.00 "," 1,590.00 "
03.05.23,,FAF-M02-SC-01,,Lot,1," 1,590.00 "," 1,590.00 "
03.05.24,,EXF-M02-SC-02,,Lot,1," 1,590.00 "," 1,590.00 "
03.05.25,,FAF-M02-SC-02,,Lot,1," 1,590.00 "," 1,590.00 "
03.05.26,,EXF-M02-SC-03,,Lot,1," 1,590.00 "," 1,590.00 "
03.05.27,,FAF-M02-SC-03,,Lot,1," 1,590.00 "," 1,590.00 "
03.05.28,,EXF-M02-TOILET(F)-01,,Lot,1," 1,060.00 "," 1,060.00 "
03.05.29,,EXF-M02-TOILET(M)-01,,Lot,1," 1,060.00 "," 1,060.00 "
03.05.30,,EXF-R00-CHW-01,,Lot,1," 1,060.00 "," 1,060.00 "
03.05.31,,EXF-R00-DCW-01,,Lot,1," 1,060.00 "," 1,060.00 "
03.05.32,,PFF-R00-LL1-01,,Lot,1," 10,600.00 "," 10,600.00 "
03.05.33,,PFF-R00-LL2-01,,Lot,1," 10,600.00 "," 10,600.00 "
03.05.34,,PFF-R00-LL4-01,,Lot,1," 10,600.00 "," 10,600.00 "
03.05.35,,PFF-R00-S1-01,,Lot,1," 9,970.00 "," 9,970.00 "
03.05.36,,SSF-R00-ASRS-01 TO 16,,Lot,1," 237,440.00 "," 237,440.00 "
03.05.37,,KEF-F00-01,,Lot,1," 1,060.00 "," 1,060.00 "
,,,,,,,
,,,,,,,
03.06.00,,"Price for any other items NOT mentioned in the above items but shown in the drawings or described in the specificaiton or obviously necessary for complete installation, satisfactory and efficient operation and maintenance of the mechanical ventilation system to authorities and good engineering practice. If no details are to be given, contractor is deem to have priced and included all necessary for the complete installation as per drawings, specification and authority requirements.",,,,,
03.06.01,,,,,,,
03.06.02,,,,,,,
03.06.03,,,,,,,
,,,,,,,
,,Total 03.00.00 To Be Carried Forward To Summary of Tender Prices,,,,," 1,781,010.00 "
,,,,,,,
04.00.00,,CRAC,,,,,
,,,,,,,
04.01.00,,"

To supply and install equipment of CRAC indoor and outdoor unit as per drawing : -
",,Nos,2," 76,850.00 "," 153,700.00 "
,,,,,,,
04.01.01,,"To install refrigerant copper piping c/w close cell insulation. 
",,Lot,1," 30,960.00 "," 30,960.00 "
,,,,,,,
04.01.02,,"To install PVC drain pipe c/w close cell insulation.
",,Lot,1," 2,970.00 "," 2,970.00 "
,,,,,,,
04.01.03,,"To supply and install control panel as per drawings and specification
",,,,,
,,ACP-F01-Server-01,,Lot,1," 6,890.00 "," 6,890.00 "
,,,,,,,
04.01.04,,"To supply and install control wiring c/w conduits and brackets as per drawings and specification.
",,Lot,1," 8,480.00 "," 8,480.00 "
,,,,,,,
,,Total 04.00.00 To Be Carried Forward To Summary of Tender Prices,,,,," 203,000.00 "
,,,,,,,
05.00.00,,Air Handling Unit (AHU) and Fan Coil Unit (FCU),,,,,
,,,,,,,
05.01.00,,TO SUPPLY AND INSTALL the following air handling unit c/w necessary accessories as per drawings and specification.,,,,,
,,,,,,,
05.01.01,,AHU-L2B1-01,,Lot,1," 59,630.00 "," 59,630.00 "
05.01.02,,AHU-L2B1-02,,Lot,1," 59,630.00 "," 59,630.00 "
05.01.03,,AHU-L2B2-01,,Lot,1," 59,630.00 "," 59,630.00 "
05.01.04,,AHU-L2B2-02,,Lot,1," 59,630.00 "," 59,630.00 "
05.01.05,,AHU-L3A1-01,,Lot,1," 59,630.00 "," 59,630.00 "
05.01.06,,AHU-L3A1-02,,Lot,1," 59,630.00 "," 59,630.00 "
05.01.07,,AHU-L3A2-01,,Lot,1," 59,630.00 "," 59,630.00 "
05.01.08,,AHU-L3A2-02,,Lot,1," 59,630.00 "," 59,630.00 "
,,,,,,,
05.02.00,,"TO SUPPLY AND INSTALL G.I. ventilation ductwork c/w TDC joints, duct fittings, and other necessary accessories compliance to tender drawings, specifications and the latest SMACNA duct construction requirement for the following :-
",,,,,
,,,,,,,
05.02.01,,AHU-L2B1-01,,Lot,1," 150,740.00 "," 150,740.00 "
05.02.02,,AHU-L2B1-02,,Lot,1," 148,650.00 "," 148,650.00 "
05.02.03,,AHU-L2B2-01,,Lot,1," 133,670.00 "," 133,670.00 "
05.02.04,,AHU-L2B2-02,,Lot,1," 136,130.00 "," 136,130.00 "
05.02.05,,AHU-L3A1-01,,Lot,1," 150,740.00 "," 150,740.00 "
05.02.06,,AHU-L3A1-02,,Lot,1," 148,650.00 "," 148,650.00 "
05.02.07,,AHU-L3A2-01,,Lot,1," 133,670.00 "," 133,670.00 "
05.02.08,,AHU-L3A2-02,,Lot,1," 136,130.00 "," 136,130.00 "
,,,,,,,
05.03.00,,"TO SUPPLY AND INSTALL  the following c/w powder coated aluminium louvers, grilles with opposed blade damper (OBD), G.I. dampers as per drawings and specifications. Air louvers at fascade or outdoor shall be weather proof type. ",,,,,
,,,,,,,
05.03.01,,AHU-L2B1-01,,,,,
,,Supply Air Grille,,Lot,1," 65,070.00 "," 65,070.00 "
,,Return Air Grille,,Lot,1," 13,250.00 "," 13,250.00 "
,,Flexible Duct,,Lot,1," 8,270.00 "," 8,270.00 "
,,,,,,,
05.03.02,,AHU-L2B1-02,,,,,
,,Supply Air Grille,,Lot,1," 65,910.00 "," 65,910.00 "
,,Return Air Grille,,Lot,1," 10,600.00 "," 10,600.00 "
,,Flexible Duct,,Lot,1," 8,380.00 "," 8,380.00 "
,,,,,,,
05.03.03,,AHU-L2B2-01,,,,,
,,Supply Air Grille,,Lot,1," 59,230.00 "," 59,230.00 "
,,Return Air Grille,,Lot,1," 13,250.00 "," 13,250.00 "
,,Flexible Duct,,Lot,1," 7,530.00 "," 7,530.00 "
,,,,,,,
05.03.04,,AHU-L2B2-02,,,,,
,,Supply Air Grille,,Lot,1," 79,260.00 "," 79,260.00 "
,,Return Air Grille,,Lot,1," 11,930.00 "," 11,930.00 "
,,Flexible Duct,,Lot,1," 10,070.00 "," 10,070.00 "
,,,,,,,
05.03.05,,AHU-L3A1-01,,,,,
,,Supply Air Grille,,Lot,1," 65,070.00 "," 65,070.00 "
,,Return Air Grille,,Lot,1," 13,250.00 "," 13,250.00 "
,,Flexible Duct,,Lot,1," 8,270.00 "," 8,270.00 "
,,,,,,,
05.03.06,,AHU-L3A1-02,,,,,
,,Supply Air Grille,,Lot,1," 65,910.00 "," 65,910.00 "
,,Return Air Grille,,Lot,1," 10,600.00 "," 10,600.00 "
,,Flexible Duct,,Lot,1," 8,380.00 "," 8,380.00 "
,,,,,,,
05.03.07,,AHU-L3A2-01,,,,,
,,Supply Air Grille,,Lot,1," 59,230.00 "," 59,230.00 "
,,Return Air Grille,,Lot,1," 13,250.00 "," 13,250.00 "
,,Flexible Duct,,Lot,1," 7,530.00 "," 7,530.00 "
,,,,,,,
05.03.08,,AHU-L3A2-02,,,,,
,,Supply Air Grille,,Lot,1," 79,260.00 "," 79,260.00 "
,,Return Air Grille,,Lot,1," 11,930.00 "," 11,930.00 "
,,Flexible Duct,,Lot,1," 10,070.00 "," 10,070.00 "
,,,,,,,
05.04.00,,TO SUPPLY AND INSTALL the following fan coil unit c/w necessary accessories as per drawings and specification.,,,,,
,,,,,,,
05.04.01,,FCU-L2-01,,Lot,1," 4,650.00 "," 4,650.00 "
05.04.02,,FCU-L2-02,,Lot,1," 4,650.00 "," 4,650.00 "
05.04.03,,FCU-L2-03,,Lot,1," 4,650.00 "," 4,650.00 "
05.04.04,,FCU-L2-04,,Lot,1," 4,650.00 "," 4,650.00 "
05.04.05,,FCU-L2-05,,Lot,1," 4,650.00 "," 4,650.00 "
05.04.06,,FCU-L2-06,,Lot,1," 4,650.00 "," 4,650.00 "
,,,,,,,
05.05.00,,"TO SUPPLY AND INSTALL G.I. ventilation ductwork c/w TDC joints, duct fittings, and other necessary accessories compliance to tender drawings, specifications and the latest SMACNA duct construction requirement for the following :-
",,,,,
,,,,,,,
05.05.01,,FCU-L2-01,,Lot,1," 4,540.00 "," 4,540.00 "
05.05.02,,FCU-L2-02,,Lot,1," 4,540.00 "," 4,540.00 "
05.05.03,,FCU-L2-03,,Lot,1," 4,540.00 "," 4,540.00 "
05.05.04,,FCU-L2-04,,Lot,1," 4,540.00 "," 4,540.00 "
05.05.05,,FCU-L2-05,,Lot,1," 4,540.00 "," 4,540.00 "
05.05.06,,FCU-L2-06,,Lot,1," 4,540.00 "," 4,540.00 "
,,,,,,,
05.06.00,,"TO SUPPLY AND INSTALL  the following c/w powder coated aluminium louvers, grilles with opposed blade damper (OBD), G.I. dampers as per drawings and specifications. Air louvers at fascade or outdoor shall be weather proof type. ",,,,,
,,,,,,,
05.06.01,,FCU-L2-01,,,,, -   
,,Supply Air Grille,,Lot,1," 5,010.00 "," 5,010.00 "
,,Return Air Grille,,Lot,1, 780.00 , 780.00 
,,Flexible Duct,,Lot,1, 640.00 , 640.00 
,,,,,,,
05.06.02,,FCU-L2-02,,,,, -   
,,Supply Air Grille,,Lot,1," 5,010.00 "," 5,010.00 "
,,Return Air Grille,,Lot,1, 780.00 , 780.00 
,,Flexible Duct,,Lot,1, 640.00 , 640.00 
,,,,,,,
05.06.03,,FCU-L2-03,,,,, -   
,,Supply Air Grille,,Lot,1," 5,010.00 "," 5,010.00 "
,,Return Air Grille,,Lot,1, 780.00 , 780.00 
,,Flexible Duct,,Lot,1, 640.00 , 640.00 
,,,,,,,
05.06.04,,FCU-L2-04,,,,, -   
,,Supply Air Grille,,Lot,1," 5,010.00 "," 5,010.00 "
,,Return Air Grille,,Lot,1, 780.00 , 780.00 
,,Flexible Duct,,Lot,1, 640.00 , 640.00 
,,,,,,,
05.06.05,,FCU-L2-05,,,,, -   
,,Supply Air Grille,,Lot,1," 5,010.00 "," 5,010.00 "
,,Return Air Grille,,Lot,1, 780.00 , 780.00 
,,Flexible Duct,,Lot,1, 640.00 , 640.00 
,,,,,,,
05.06.06,,FCU-L2-06,,,,, -   
,,Supply Air Grille,,Lot,1," 5,010.00 "," 5,010.00 "
,,Return Air Grille,,Lot,1, 780.00 , 780.00 
,,Flexible Duct,,Lot,1, 640.00 , 640.00 
,,,,,,,
05.07.00,,"TO SUPPLY AND INSTALL the followings control panel  as per tender drawing and specifications c/w circuit breaker, earth leakage protection, electrical bar, panel, earthing and all necessary accessories.",,,,,
,,,,,,,
05.07.01,,ACP-AHU-1,,Lot,1," 16,960.00 "," 16,960.00 "
05.07.02,,ACP-AHU-2,,Lot,1," 16,960.00 "," 16,960.00 "
05.07.03,,ACP-AHU-3,,Lot,1," 16,960.00 "," 16,960.00 "
05.07.04,,ACP-AHU-4,,Lot,1," 16,960.00 "," 16,960.00 "
05.07.05,,ACP-AHU-5,,Lot,1," 16,960.00 "," 16,960.00 "
05.07.06,,ACP-AHU-6,,Lot,1," 16,960.00 "," 16,960.00 "
05.07.07,,ACP-AHU-7,,Lot,1," 16,960.00 "," 16,960.00 "
05.07.08,,ACP-AHU-8,,Lot,1," 16,960.00 "," 16,960.00 "
05.07.09,,ACP-FCU-1,,Lot,1," 2,120.00 "," 2,120.00 "
,,,,,,,
05.08.00,,"To supply and install control wiring c/w conduits and brackets as per drawings and specification.
",,,,,
,,,,,,,
05.08.01,,AHU-L2B1-01,,Lot,1," 4,140.00 "," 4,140.00 "
05.08.02,,AHU-L2B1-02,,Lot,1," 4,140.00 "," 4,140.00 "
05.08.03,,AHU-L2B2-01,,Lot,1," 4,140.00 "," 4,140.00 "
05.08.04,,AHU-L2B2-02,,Lot,1," 4,140.00 "," 4,140.00 "
05.08.05,,AHU-L3A1-01,,Lot,1," 4,140.00 "," 4,140.00 "
05.08.06,,AHU-L3A1-02,,Lot,1," 4,140.00 "," 4,140.00 "
05.08.07,,AHU-L3A2-01,,Lot,1," 4,140.00 "," 4,140.00 "
05.08.08,,AHU-L3A2-02,,Lot,1," 4,140.00 "," 4,140.00 "
05.08.09,,FCU-L2-01,,Lot,1," 1,590.00 "," 1,590.00 "
05.08.10,,FCU-L2-02,,Lot,1," 1,590.00 "," 1,590.00 "
05.08.11,,FCU-L2-03,,Lot,1," 1,590.00 "," 1,590.00 "
05.08.12,,FCU-L2-04,,Lot,1," 1,590.00 "," 1,590.00 "
05.08.13,,FCU-L2-05,,Lot,1," 1,590.00 "," 1,590.00 "
05.08.14,,FCU-L2-06,,Lot,1," 1,590.00 "," 1,590.00 "
,,,,,,,
,,Total 05.00.00 To Be Carried Forward To Summary of Tender Prices,,,,," 2,595,100.00 "
,,,,,,,
,,,,,,,
06.00.00,,CHILLED WATER AND CONDENSER WATER,,,,,
,,,,,,,
06.01.01,,"

To supply and install Water Cooled Chiller as per drawing : -
",,Nos,3," 424,000.00 "," 1,272,000.00 "
,,,,,,,
06.01.02,,"

To supply and install Cooling Tower as per drawing : -
",,Nos,3," 52,830.00 "," 158,490.00 "
,,,,,,,
06.01.03,,"

To supply and install Chilled Water Pump as per drawing : -
",,Nos,3," 16,700.00 "," 50,100.00 "
,,,,,,,
06.01.04,,"

To supply and install Condenser Water Pump as per drawing : -
",,Nos,3," 17,440.00 "," 52,320.00 "
,,,,,,,
06.01.05,,"

To supply and install  AC Make Up Tank as per drawing : -
",,Nos,1," 130,070.00 "," 130,070.00 "
,,,,,,,
06.01.06,,"To supply and install chilled water pipeworks c/w insulation, isolation springs, hangers, valves and other necessary accessories.",,Lot,1," 769,380.00 "," 769,380.00 "
,,,,,,,
06.01.07,,"To supply and install condenser water pipeworks c/w insulation, isolation springs, hangers, valves and other necessary accessories.",,Lot,1," 458,080.00 "," 458,080.00 "
,,,,,,,
07.01.08,,"To supply and install control panel as per drawings and specification
",,,,,
,,MCC-CH,,Lot,1," 131,440.00 "," 131,440.00 "
,,,,,,,
07.01.09,,"To supply and install control wiring c/w conduits and brackets as per drawings and specification.
",,Lot,1," 179,360.00 "," 179,360.00 "
,,,,,,,
,,,,,,,
,,,,,,,
,,Total 06.00.00 To Be Carried Forward To Summary of Tender Prices,,,,," 3,201,240.00 "
