ALP2-BMS-BOQ,,,,,,,,,,,,,,,,,,,,,,,,,,,,,,,
,,,,,,,,,,,1,,,2,,,3,,,4,,,5,,,6,,,7,,
,,,,,, BASE COST / SELECTION ,,100%, SUBMISSION ,, NEXA CONTROL ,,, AZBIL ,,, SOLAR DISTRICT ,,, JOHNSON CONTROL ,,, OBERIX ,,, MIP ,,, NSI ,,
Item,,Description,,Unit,Qty, Rate , Amount ,, Rate , Amount , Rate , Amount , REMARK , Rate , Amount , REMARK , Rate , Amount , REMARK , Rate , Amount , REMARK , Rate , Amount , REMARK , Rate , Amount , REMARK , Rate , Amount , REMARK 
,,,,,,,,,,,,,,,,,,,,,,,,,,,,,,,
,,"BUILDING MANAGEMENT SYSTEM
",,,,,,,,,,,,,,,,,,,,,,,,,,,,,
,,,,,,,,,,,,,,,,,,,,,,,,,,,,,,,
,,"BMS SERVICES
",,,,,,,,,,,,,,,,,,,,,,,,,,,,,
1.00,,"Preliminaries
",,,,,,,,,,,,,,,,,,,,,,,,,,,,,
1.01,,"Compliance to the conditions of contract, main contract document, tender specifications, Laws, By-Laws, Rules and Regulations
",,Lot,1,, -   ,100%, -   , -   , Inclusive , Inclusive ,, include , include ,,, inclusive ,,, Contract need to be reviewed by legal prior signing ,,, included ,," 3,000.00 "," 3,000.00 ",,, -   ,
1.02,,"Submission to all authorities, obtaining approval from the authorities for the drawings, installations and compliance with all authorities requirements.
",,Lot,1,, -   ,100%, -   , -   , Inclusive , Inclusive ,, include , include ,,, inclusive ,,, Included ,,, included ,," 4,500.00 "," 4,500.00 ",,, -   ,
1.03,,"Arrangements for all authority's inspections and testing, issuance of clearance letters, certificates and licenses.",,Lot,1,, -   ,100%, -   , -   , Inclusive , Inclusive ,, include , include ,,, inclusive ,,, Included ,,, included ,," 7,000.00 "," 7,000.00 ",,, -   ,
1.04,,Submission of Shop Drawings for approval before commencement of work at site and submission material sample board.,,Lot,1,, -   ,100%, -   , -   ," 20,000.00 "," 20,000.00 ",," 2,000.00 "," 2,000.00 ",," 8,000.00 "," 8,000.00 ",,, Included ,,, included ,," 6,000.00 "," 6,000.00 ",," 3,000.00 "," 3,000.00 ",
1.05,,"For compliance with the requirement for As-Built Drawings/Data, Operational and Maintenance Instruction and Manual, 5 sets of hard cover bound documents of operation manuals, parts catalogues, testing results and as-built drawings and two softcopys in CD form or external hard drive.",,Lot,1,, -   ,100%, -   , -   ," 2,000.00 "," 2,000.00 ",," 2,000.00 "," 2,000.00 ",,, inclusive ,,, Included ,,, included ,," 4,000.00 "," 4,000.00 ",," 3,000.00 "," 3,000.00 ",
1.06,,"Performance Bond, Workmen compensation, Subcontractor insurance or SOCSO",,Lot,1,, -   ,100%, -   , -   ," 6,000.00 "," 6,000.00 ",," 5,000.00 "," 5,000.00 ",,, inclusive ,,, Included ,,, included ,," 19,000.00 "," 19,000.00 ",," 2,500.00 "," 2,500.00 ",
1.07,,Full time site supervision for the duration of the project and liaison/coordination with other sub-contractors,,Lot,1,, -   ,100%, -   , -   ," 90,000.00 "," 90,000.00 ",," 25,000.00 "," 25,000.00 ",,, inclusive ,,, Included ,,, included ,," 75,000.00 "," 75,000.00 ",," 36,000.00 "," 36,000.00 ",
1.08,,"Site clearing and cleanliness of site at designated site, provide necessary signage at site for safety purposes when carrying out works. To clear out rubbish resulted from BMS work including rental of Roro Bin",,Lot,1,, -   ,100%, -   , -   , Inclusive , Inclusive ,, include , include ,,, inclusive ,,, Excluded ,,, included ,," 6,000.00 "," 6,000.00 ",," 1,500.00 "," 1,500.00 ",
1.09,,"All neccessary machineries such as mobile crane, boom lift, scissor lift, genset, temporary lighting, etc for the completion of the work and system including JKKP, safety requirements and relevant authorities approval.",,Lot,1,, -   ,100%, -   , -   ," 15,000.00 "," 15,000.00 ",, include , include ,,, inclusive ,,, Excluded ,,, excluded ,," 7,000.00 "," 7,000.00 ",," 40,000.00 "," 40,000.00 ",
1.10,,"Complete naming tagging, labelling, painting and finishing work to architect's / consultant's requirements.",,Lot,1,, -   ,100%, -   , -   , Inclusive , Inclusive ,, include , include ,,, inclusive ,,, Included ,,, included ,," 10,000.00 "," 10,000.00 ",," 1,200.00 "," 1,200.00 ",
1.11,,"To carry out Factory Acceptance Test (FAT) for BMS System (Bench Test) as per requirement stipulated in the tender document to client, main contractor and consultant's satisfaction",,Lot,1,, -   ,100%, -   , -   , N/A , N/A ,, Japan , Japan ,,, inclusive ,,, TBC ,,, included ,," 25,000.00 "," 25,000.00 ",," 73,000.00 "," 73,000.00 ",
1.12,,"To carry out Site Acceptance Test (SAT) for BMS System as per requirement stipulated in the tender document to client, main contractor and consultant's satisfaction",,Lot,1,, -   ,100%, -   , -   ," 60,000.00 "," 60,000.00 ",, Japan , Japan ,,, inclusive ,,, Included ,,, included ,," 4,000.00 "," 4,000.00 ",," 6,000.00 "," 6,000.00 ",
,,,,,,,,,,,,,,,,,,,,,,,,,,,,,,,
,,,,,,,,,,,,,,,,,,,,,,,,,,,,,,,
,,"BUILDING MANAGEMENT SYSTEM (Cont'd)
",,,,,,,,,,,,,,,,,,,,,,,,,,,,,
,,,,,,,,,,,,,,,,,,,,,,,,,,,,,,,
,,"BMS SERVICES (Cont'd)
",,,,,,,,,,,,,,,,,,,,,,,,,,,,,
,,"Preliminaries (Cont'd)
",,,,,,,,,,,,,,,,,,,,,,,,,,,,,
1.13,,"Setting up and removal of Sub-Contractor' s Office, Workshop and temporary facilities",,Lot,1,, -   ,100%, -   , -   ," 5,000.00 "," 5,000.00 ",, Include , Include ,,, inclusive ,,, Excluded ,,, included ,, Included , Included ,," 4,000.00 "," 4,000.00 ",
1.14,,Comply to 2 years of Defects Liability Period and 2 years of Comprehensive Maintenance Period starting from the date of acceptance certificate issue by the owner / main contractor.,,Lot,1,, -   ,100%, -   , -   , Inclusive , Inclusive ,, Include , Include ,,, inclusive ,,, Included ,,, included ,, Included , Included ,," 12,000.00 "," 12,000.00 ",
1.15,,Comply to 2 years of warranty of all equipment starting from the date of acceptance certificate issue by the owner / main contractor.,,,,,,,,,,,, Include , Include ,,,,,, Included ,,, included ,,,,,, Inclusive ,
1.16,,To prepare delivery schedule incorporate with main contractor master programme.,,,,,,,,,,,,,,,,,,, Included ,,, included ,,,,,,,
1.17,,Provide two (2) classroom training sessions for each equipment for personnel designated by the Owner,,Lot,1,, -   ,100%, -   , -   ," 1,000.00 "," 1,000.00 ",, Include , Include ,," 2,000.00 "," 2,000.00 ",,, Included ,,, included ,, Included , Included ,, 600.00 , 600.00 ,
1.18,,To provide test script and documentation for testing and commissioning of BMS system,,Lot,1,, -   ,100%, -   , -   ," 12,000.00 "," 12,000.00 ",," 5,000.00 "," 5,000.00 ",," 1,000.00 "," 1,000.00 ",,, TBC ,,, included ,, Included , Included ,," 1,000.00 "," 1,000.00 ",
1.19,,"Make good all opening through wall/floors/beams with approved material, fire seals if necessary and method to be level sufficient for painting. Painting by others. Fire seal to be c/w Bomba certificate",,Lot,1,, -   ,100%, -   , -   , Inclusive , Inclusive ,, By Others , By Others ,,, inclusive ,,, Excluded ,,, included ,, Included , Included ,," 3,000.00 "," 3,000.00 ",
1.20,,Supply & install earthing on all steel pipes and equipment,,,,,,,,,,,,,,,,,,, Excluded ,,, included ,, Included , Included ,,,,
1.21,,Water and electricity consumption throughout the project inclusive of testing and commissioning of the system,,Lot,1,, -   ,100%, -   , -   , Inclusive , Inclusive ,, By Others , By Others ,,, inclusive ,,, Excluded ,,, included ,, Included , Included ,," 2,000.00 "," 2,000.00 ",
1.22,,Painting and labelling and all identification work,,Lot,1,, -   ,100%, -   , -   , Inclusive , Inclusive ,, Include , Include ,,, inclusive ,,, Included ,,, included ,, Included , Included ,," 2,000.00 "," 2,000.00 ",
,,,,,,,,,,,,,,,,,,,,,,,,,,,,,,,
,,TOTAL FOR 1.0 PRELIMINARIES (RM),,,,, -   ,,, -   ,," 211,000.00 ",,," 39,000.00 ",,," 11,000.00 ",,," 828,500.00 ",,, -   ,,," 170,500.00 ",,," 190,800.00 ",
,,,,,,,,,,,,,,,,,,,,,,,,,,,,,,,
,,"BUILDING MANAGEMENT SYSTEM (Cont'd)
",,,,,,,,,,,,,,,,,,,,,,,,,,,,,
,,"Design, supply, delivery, installation, testing and commissioning of the followings inclusive of all necessary accessories for the complete installation as per drawings and/or specifications:
",,,,,,,,,,,,,,,,,,,,,,,,,,,,,
2.00,,"BMS Workstation & Servers:
",,,,,,,,,,,,,,,,,,,,,,,,,,,,,
2.01,,"Supply and install Operator Workststion (OWS) as per Technical Specification or latest. BMS workstations complete with 30"" LCD monitor and all necessary software & hardware for the monitoring of the building. Workstation is to be located in the Control Room on the Ground Floor of the building.",,Lot,1,, -   ,100%, -   , -   ," 7,500.00 "," 7,500.00 ",," 10,000.00 "," 10,000.00 ",,, -   ,,, Included ,," 12,000.00 "," 12,000.00 ",,, -   ,," 6,000.00 "," 6,000.00 ",
2.02,,Supply and install table and swivel chair for BMS workstation.,,Lot,1,, -   ,100%, -   , -   ," 4,000.00 "," 4,000.00 ",, By Client  , By Client  ,," 8,000.00 "," 8,000.00 ",,, Included ,, -   , included ,," 4,000.00 "," 4,000.00 ",," 1,800.00 "," 1,800.00 ",
2.03,,Supply and install UPS for BMS workstation. The UPS shall support 100% load of workstation and backup time shall be no less than 15 minutes.,,Lot,1,, -   ,100%, -   , -   ," 1,900.00 "," 1,900.00 ",," 3,000.00 "," 3,000.00 ",," 1,500.00 "," 1,500.00 ",,, Included ,," 18,500.00 "," 18,500.00 ",," 1,500.00 "," 1,500.00 ",," 3,200.00 "," 3,200.00 ",
2.04,,"Supply and install laser printer for report, event and alarm printing. ",,Lot,1,, -   ,100%, -   , -   ," 4,000.00 "," 4,000.00 ",," 2,300.00 "," 2,300.00 ",," 3,500.00 "," 3,500.00 ",,, Included ,," 2,160.00 "," 2,160.00 ",," 2,500.00 "," 2,500.00 ",," 2,000.00 "," 2,000.00 ",
2.05,,Supply and install hardware & software to enable BMS to be accessed from any computer on the Intranet or Internet using only Windows Internet Explorer.,,Lot,1,, -   ,100%, -   , -   , Inclusive , Inclusive ,, By Client  , By Client  ,, inclusive , inclusive ,,, Included ,, -   , included ,," 10,000.00 "," 10,000.00 ",," 1,200.00 "," 1,200.00 ",
2.06,,Supply and install hardware & software (Server) to complete the BMS system. To ensure sufficient data storage for 3 months. Server shall be located within the BMS/ELV riser on the ground floor,,Lot,1,, -   ,100%, -   , -   ," 14,000.00 "," 14,000.00 ",, include , include ,," 12,000.00 "," 12,000.00 ",,, Included ,," 25,400.00 "," 25,400.00 ",," 50,000.00 "," 50,000.00 ",," 9,000.00 "," 9,000.00 ",
2.07,,Supply and install server rack to house BMS servers and in-rack UPS.,,Lot,1,, -   ,100%, -   , -   ," 9,200.00 "," 9,200.00 ",," 5,000.00 "," 5,000.00 ",," 2,000.00 "," 2,000.00 ",,, Included ,," 4,800.00 "," 4,800.00 ",," 3,500.00 "," 3,500.00 ",," 3,200.00 "," 3,200.00 ",
2.08,,Supply and install in-rack UPS to support 100% load of BMS server. The backup time shall be no less than 15 minutes.,,Lot,1,, -   ,100%, -   , -   ," 12,000.00 "," 12,000.00 ",," 3,000.00 "," 3,000.00 ",," 1,800.00 "," 1,800.00 ",,, Included ,," 18,500.00 "," 18,500.00 ",," 2,000.00 "," 2,000.00 ",," 3,800.00 "," 3,800.00 ",
2.09,,Supply and install core switch necessary for BMS system.,,Lot,1,, -   ,100%, -   , -   ," 4,500.00 "," 4,500.00 ",," 3,500.00 "," 3,500.00 ",," 2,000.00 "," 2,000.00 ",,, Included ,," 2,650.00 "," 2,650.00 ",," 25,000.00 "," 25,000.00 ",," 8,000.00 "," 8,000.00 ",
2.10,,Supply and install firewall for external connections,,Lot,1,, -   ,100%, -   , -   ," 8,000.00 "," 8,000.00 ",, By Client  , By Client  ,, inclusive , inclusive ,,, Included ,," 12,100.00 "," 12,100.00 ",," 25,000.00 "," 25,000.00 ",," 1,800.00 "," 1,800.00 ",
,,,,,,,,,,,,,,,,,,,,,,,,,,,,,,,
,,TOTAL FOR 2.0 BMS WORKSTATION & SERVERS (RM),,,,, -   ,,, -   ,," 65,100.00 ",,," 26,800.00 ",,," 30,800.00 ",,," 581,509.00 ",,," 96,110.00 ",,," 123,500.00 ",,," 40,000.00 ",
,,,,,,,,,,,,,,,,,,,,,,,,,,,,,,,
3.00,,BMS Software & Programming:,,,,,,,,,,,,,,,,,,,,,,,,,,,,,
3.01,,"Supply and install BMS software c/w operating system and GUI customisation works for BMS including Energy Monitoring System, Chiller Plant Optimisation System, Intelligent Light Control System, monitoring of ASRS and Cold Room Systems as well as future Solar Panel System. GUI shall consists of 3D graphics showing real time information.",,Lot,1,, -   ,100%, -   , -   ," 180,000.00 "," 180,000.00 ",," 23,000.00 "," 23,000.00 ",," 10,000.00 "," 10,000.00 ",,, Included ,," 44,250.00 "," 44,250.00 ",," 198,000.00 "," 198,000.00 ",," 18,000.00 "," 18,000.00 ",
3.02,,"BMS application software and all license required for the operations of the OWS, NCUs and Controllers.",,Lot,1,, -   ,100%, -   , -   ," 15,000.00 "," 15,000.00 ",, include , include ,," 38,000.00 "," 38,000.00 ",,, Included ,,, web base software included ,, Included , Included ,," 6,000.00 "," 6,000.00 ",
3.03,,"BMS software shall have historical data recording and reporting, event message, optimum start/stop, run time totalisation, duty cycling, password access control, preventative maintenance and inventory control, energy metering and reporting, water consumption metering and reporting",,Lot,1,, -   ,100%, -   , -   , Inclusive , Inclusive ,, include , include ,,, -   ,,, Included ,,, Comply ,, Included , Included ,," 4,000.00 "," 4,000.00 ",
3.04,,"To ensure all reporting complies with GreenRE Industrial Rating Tool Ver 1.1. E.g (but not limited to):
Chiller Plant Optimisation System
- Data acquisition system shall have a minimum resolution of 16 bit. 
- All data logging shall be sampled and logged at 1 min intervals.  
- Temp sensors to have end-to-end measurement uncertainty not exceeding +/- 0.05C over entire measurement or calibration range
- Calculate real time kW/ton and heat balance in accordance to AHRI 550/590
Water Leak Detection
- From water submeters to calculate and compare incoming water versus consumption to detect water leakage in system
BMS/EPMS:
- Sampling, trending and storage intervals of all equipment data shall be 1 minute per sample.",,Lot,1,, -   ,100%, -   , -   ," 15,000.00 "," 15,000.00 ",," 75,000.00 "," 75,000.00 ",, inclusive , inclusive ,,, Included except Water Leak Detection Test ,,, Comply ,, Included , Included ,,, -   ,
3.05,,"Maintenance Management Software and license which includes maintenance work orders scheduled, predictive maintenance, inventory tracking and produce reports and graph. (2 years subscription for 5 user )",,Lot,1,, -   ,100%, -   , -   ," 20,000.00 "," 20,000.00 ",, include , include ,," 10,000.00 "," 10,000.00 ",,, Included ,,, Excluded ,, Included , Included ,," 8,000.00 "," 8,000.00 ",
3.06,,Maximum Demand Limiting Software and license which includes the control and monitoring of maximum demand limiting for all equipments on the power consumption and to shave the maximum demand load.,,Lot,1,, -   ,100%, -   , -   , Inclusive , Inclusive ,, include , include ,," 10,000.00 "," 10,000.00 ",,, Included ,,, Excluded ,, Included , Included ,," 5,000.00 "," 5,000.00 ",
3.07,,Energy Management Software and license which includes monitoring and analyzing the building power consumption and chilled water consumption and produce reports and graph.,,Lot,1,,,,,,,,, include , include ,,,,,, Included ,,, Included ,, Included , Included ,," 5,000.00 "," 5,000.00 ",
,,,,,,,,,,,,,,,,,,,,,,,,,,,,,,,
,,TOTAL FOR 3.0  BMS SOFTWARE & PROGRAMMING (RM),,,,, -   ,,, -   ,," 230,000.00 ",,," 98,000.00 ",,," 68,000.00 ",,," 494,656.00 ",,," 44,250.00 ",,," 198,000.00 ",,," 46,000.00 ",
,,,,,,,,,,,,,,,,,,,,,,,,,,,,,,,
,,"BUILDING MANAGEMENT SYSTEM (Cont'd)
",,,,,,,,,,,,,,,,,,,,,,,,,,,,,
,,,,,,,,,,,,,,,,,,,,,,,,,,,,,,,
4.00,,BMS Hardware:,,,,,,,,,,,,,,,,,,,,,,,,,,,,,
4.01,,"All BTL listed Network Controller Units (NCU) or Programmable Logic Controller (PLC) c/w license, enclosure, mounting, and all accessories as specified. ",,Lot,1,, -   ,100%, -   , -   ," 72,000.00 "," 72,000.00 ",," 23,000.00 "," 23,000.00 ",, inclusive , inclusive ,,, Included DDC and NCU ,, -   , -   ,," 50,000.00 "," 50,000.00 ",," 86,500.00 "," 86,500.00 ",
4.02,,"Supply and install BMS panels c/w Direct Digital Controller (DDC)/Remote IO with 10% additional spare points for future extension. BMS panels to be c/w breakers, gateways, relays, surge suppressor, DC power supply, terminal blocks, SSO, ventilation fan with filter, PVC ducting, internal wiring & necessary accessories",,Lot,1,, -   ,100%, -   , -   ," 250,000.00 "," 250,000.00 ",," 155,000.00 "," 155,000.00 ",," 220,000.00 "," 220,000.00 ",,, Included ,," 427,000.00 "," 427,000.00 ",," 200,000.00 "," 200,000.00 ",," 178,000.00 "," 178,000.00 ",
4.03,,"Supply and install gateway and network switches for high level interface devices:-

- Digital Power Meter
- Digital Water Meter
- Security System
- Fire Alarm System
- Chiller Microprocessor
- Variable Speed Drive (VSD)
- Cold Water Pump System
- Rainwater Harvesting System
- Refrigerant System
- Variable Refrigerant Flow System
- ASRS System
- Solar Panel System
- Chemical Water Treatment System",,Lot,1,, -   ,100%, -   , -   ," 45,000.00 "," 45,000.00 ",, include , include ,, inclusive , inclusive ,,, Included Gateway for based on IO list HLI Points ,," 12,200.00 "," 12,200.00 ",, Included , Included ,," 41,000.00 "," 41,000.00 ",
,,,,,,,,,,,,,,,,,,,,,,,,,,,,,,,
,,TOTAL FOR 4.0 BMS HARDWARE (RM),,,,, -   ,,, -   ,," 367,000.00 ",,," 178,000.00 ",,," 220,000.00 ",,," 494,656.00 ",,," 439,200.00 ",,," 250,000.00 ",,," 305,500.00 ",
,,,,,,,,,,,,,,,,,,,,,,,,,,,,,,,
5.00,,Field Devices and Instrumentation to be connected to BMS system:,,,,,,,,,,,,,,,,,,,,,,,,,,,,,
5.01,,"CO2 Sensor to GreenRE requirements
",,Lot,1,, -   ,100%, -   , -   , N/A , N/A ,, N.A , N.A ,,, N/A ,,, N/A ,, -   , not in io list ,, Not Applicable , Not Applicable ,,, -   , NA 
5.02,,"Chilled Water Supply and Return Temperature Sensor in Fiel
",,Lot,1,, -   ,100%, -   , -   ," 8,400.00 "," 8,400.00 ",," 7,500.00 "," 7,500.00 ",,," 9,800.00 ",,, Included ,," 1,450.00 "," 1,450.00 ",," 1,000.00 "," 1,000.00 ",, 380.00 ," 9,880.00 ", Qty: 26 Nos. 
5.03,,Chiller Plant Room Supply and Return Water Temperature Sensor for Chilled Water and Condenser Water Systems with end-to-end measurement uncertainty not exceeding +/- 0.05 degrees Celsius.,,Lot,1,, -   ,100%, -   , -   ," 2,200.00 "," 2,200.00 ",," 4,000.00 "," 4,000.00 ",,,,,, Included ,," 10,740.00 "," 10,740.00 ",," 7,500.00 "," 7,500.00 ",," 1,900.00 "," 3,800.00 ", Qty: 2 Nos. 
5.04,,Thermowells for water temperature sensors. To ensure quantity is sufficient for required number of temperature sensors as well as additional thermowells before and after each temperature sensor for measurement and verification.,,Lot,1,, -   ,100%, -   , -   ," 7,500.00 "," 7,500.00 ",," 4,500.00 "," 4,500.00 ",,,,,, Included ,," 4,150.00 "," 4,150.00 ",, Included , Included ,, 200.00 ," 5,600.00 ", Qty: 28 Nos. 
5.05,,Flow meter full bore electromagnetic,,Lot,1,, -   ,100%, -   , -   ," 35,000.00 "," 35,000.00 ",, By Other , By Other ,,, By others ,,, Excluded ,, -   , by others ,," 15,500.00 "," 15,500.00 ",," 16,000.00 "," 32,000.00 ", Qty: 2 Nos. 
5.06,,BTU Meter,,Lot,1,, -   ,100%, -   , -   ," 28,000.00 "," 28,000.00 ",, By Other , By Other ,,, By others ,,, Excluded ,, -   , by others ,," 11,000.00 "," 11,000.00 ",," 14,000.00 "," 14,000.00 ",
5.07,,Filter Dirty Sensor (Differential Pressure Sensor),,Lot,1,, -   ,100%, -   , -   , N/A , N/A ,, 300.00 , 300.00 ,," 2,200.00 "," 2,200.00 ",,, Excluded ,," 1,500.00 "," 1,500.00 ",, 950.00 , 950.00 ,, 330.00 , 330.00 ,
5.08,,"Water Differential Pressure Sensor
",,Lot,1,, -   ,100%, -   , -   ," 8,800.00 "," 8,800.00 ",," 12,000.00 "," 12,000.00 ",," 16,800.00 "," 16,800.00 ",,, Included ,," 10,620.00 "," 10,620.00 ",," 8,750.00 "," 8,750.00 ",," 1,800.00 "," 14,400.00 ",
I,,"Others; Please Specify (Nexa Control)
Water Level sensor
",,Lot,1,, -   ,100%, -   , -   ," 6,000.00 "," 6,000.00 ",,,,,,,,,,,,,,,,,, -   ,
I,,"Others; Please Specify (Solar District)
",,Lot,1,, -   ,100%, -   , -   ,,,,,,," 3,200.00 "," 3,200.00 ",,,,,,,,,,,, -   ,
I,,"Others; Please Specify (Oberix)
Water Level sensor
",,Lot,1,, -   ,100%, -   , -   ,,,,,,,,,,,,," 5,750.00 "," 5,750.00 ",,,,,, -   ,
I,,"Others; Please Specify (MIP)
Water Level switch
",,Lot,12,, -   ,100%, -   , -   ,,,,,,,,,,,,,,,," 1,200.00 "," 14,400.00 ",,, -   ,
I,,"Others; Please Specify (MIP)
Water Differential Pressure
",,Lot,3,, -   ,100%, -   , -   ,,,,,,,,,,,,,,,," 2,950.00 "," 8,850.00 ",,, -   ,
I,,"Others; Please Specify (MIP)
Flow meter (300mm)
",,Lot,1,, -   ,100%, -   , -   ,,,,,,,,,,,,,,,," 18,000.00 "," 18,000.00 ",,, -   ,
I,,"Others; Please Specify (NSI)
Supply/return air temp
",,Lot,20,, -   ,100%, -   , -   ,,,,,,,,,,,,,,,," 18,000.00 "," 360,000.00 ",, 190.00 ," 3,800.00 ",
I,,"Others; Please Specify (NSI)
CDW supply/return temp
",,Lot,8,, -   ,100%, -   , -   ,,,,,,,,,,,,,,,," 18,000.00 "," 144,000.00 ",, 380.00 ," 3,040.00 ",
,,"
",,,,,,,,,,,,,,,,,,,,,,,,,,,,,
,,TOTAL FOR 5.0 FIELD DEVICES AND INSTRUMENTATION TO BE CONNECTED TO BMS SYSTEM (RM),,,,, -   ,,, -   ,," 95,900.00 ",,," 28,300.00 ",,," 32,000.00 ",,, -   ,,," 34,210.00 ",,," 589,950.00 ",,," 86,850.00 ",
,,,,,,,,,,,,,,,,,,,,,,,,,,,,,,,
6.00,,"Supply and install all communication cabling c/w all wirings, conduits, trunking, installation, termination, electrical works and accessories to interface with BMS",,,,,,,,,,,,,,,,,,,,,,,,,,,,,
6.01,,Firewall to BMS server,,Lot,1,, -   ,100%, -   , -   ," 1,000.00 "," 1,000.00 ",, By Others , By Others ,,," 330,000.00 ",,, Included ,, -   , included ,," 665,000.00 "," 665,000.00 ",, 200.00 , 200.00 ,
6.02,,BMS server to core switch,,Lot,1,, -   ,100%, -   , -   ," 1,000.00 "," 1,000.00 ",," 15,000.00 "," 15,000.00 ",,,,,, Network Switch covered ,, -   , included ,, Included , Included ,, 200.00 , 200.00 ,
6.03,,Core switch to BMS Controller,,Lot,1,, -   ,100%, -   , -   ," 1,000.00 "," 1,000.00 ",," 20,000.00 "," 20,000.00 ",,,,,, Network Switch to BMS Controller ,,, included ,, Included , Included ,," 40,000.00 "," 40,000.00 ",
6.04,,Core switch to BMS workstation,,Lot,1,, -   ,100%, -   , -   ," 1,000.00 "," 1,000.00 ",," 20,000.00 "," 20,000.00 ",,,,,, Network Switch to BMS Workstation ,,, included ,, Included , Included ,, 200.00 , 200.00 ,
6.05,,BMS controller to field devices including high level interfaces.,,Lot,1,, -   ,100%, -   , -   ," 651,000.00 "," 651,000.00 ",," 655,000.00 "," 655,000.00 ",,,,,, Included ,," 326,350.00 "," 326,350.00 ",, Included , Included ,, 300.00 ," 287,100.00 ", Qty: 957 Nos. 
,,"Note: Cable containment to be sufficiently sized with 45% space factor for trunking and 40% space factor for conduit. GI trunking/conduit for indoor, HDGI trunking/conduit for outdoor and epoxy powder coated truning/conduit for within data hall & fan wall corridor spaces",,,,,,,,,,,,,,,,,,,,,,,,,,,,,
,,"
",,,,,,,,,,,,,,,,,,,,,,,,,,,,,
,,TOTAL FOR 6.0 CABLING WORKS & SUPPORT (RM),,,,, -   ,,, -   ,," 655,000.00 ",,," 710,000.00 ",,," 330,000.00 ",,," 989,313.00 ",,," 326,350.00 ",,," 665,000.00 ",,," 327,700.00 ",
,,,,,,,,,,,,,,,,,,,,,,,,,,,,,,,
,,"BUILDING MANAGEMENT SYSTEM (Cont'd)
",,,,,,,,,,,,,,,,,,,,,,,,,,,,,
,,"Any other work not specified but required to complete / operate / efficient functioning the entire BMS system
",,,,,,,,,,,,,,,,,,,,,,,,,,,,,
,,BIM Modelling (Nexa Control),,Lot,1,,,,,," 35,000.00 "," 35,000.00 ",,,,,,,,,,,,,,,,,,,
,,Site Mobilisation (Solar District),,Lot,1,,,,,,,,,,,," 28,400.00 "," 28,400.00 ",,,,,,,,,,,,,
,,SST (6%) (Oberix),,Lot,1,,,,,,,,,,,,,,,,,," 56,407.20 "," 56,407.20 ",,,,,,,
,,,,,,,,,,,,,,,,,,,,,,,,,,,,,,,
,,,,,,,,,,,,,,,,,,,,,,,,,,,,,,,
,,,,,,,,,,,,,,,,,,,,,,,,,,,,,,,
,,,,,,,,,,,,,,,,,,,,,,,,,,,,,,,
,,,,,,,,,,,,,,,,,,,,,,,,,,,,,,,
,,,,,,,,,,,,,,,,,,,,,,,,,,,,,,,
,,,,,,,,,,,,,,,,,,,,,,,,,,,,,,,
,,,,,,,,,,,,,,,,,,,,,,,,,,,,,,,
,,,,,,,,,,,,,,,,,,,,,,,,,,,,,,,
,,,,,,,,,,,,,,,,,,,,,,,,,,,,,,,
,,,,,,,,,,,,,,,,,,,,,,,,,,,,,,,
,,TOTAL FOR 7.0 OTHERS (RM),,,,, -   ,,, -   ,," 35,000.00 ",,, -   ,,," 28,400.00 ",,, -   ,,," 56,407.20 ",,, -   ,,, -   ,
,,GRAND TOTAL FOR BMS (RM),,,,, -   ,,, -   ,," 1,659,000.00 ",,," 1,080,100.00 ",,," 720,200.00 ",,," 3,388,634.00 ",,," 996,527.20 ",,," 1,996,950.00 ",,," 996,850.00 ",
