ALP2 - CWSP - BOQ,,,,,,,,,,,1,,,2,,,3,,,4,,,5,,,6,,
,,,,,,BASE COST,,100%,SUBMISSION,, HENG JHOE ,,, MULTIAMPLE ,,, ARTISAN ,,, POWERSHOT ,,, YEO PLUMBER ,,, ECO WEEFA ,,
ITEM,,DESCRIPTION,,UNIT,QTY,RATE ,AMOUNT ,,RATE ,AMOUNT ,RATE ,AMOUNT ,REMARK,RATE ,AMOUNT ,REMARK,RATE ,AMOUNT ,REMARK,RATE ,AMOUNT ,REMARK,RATE ,AMOUNT ,REMARK,RATE ,AMOUNT ,REMARK
,,,,,,,,,,,,,,,,,,,,,,,,,,,,
,,,,,,,,,,,,,,,,,,,,,,,,,,,,
01.00.00,,PRELIMINARIES AND GENERAL CONDITIONS,,,,,,,,,,,,,,,,,,,,,,,,,,
,,,,,,,,,,,,,,,,,,,,,,,,,,,,
01.01.00,,"Compliance to the conditions of contract, main contract document, tender specification etc.",,Lot,1,, -   ,100%, -   , -   ," 112,000.00 "," 112,000.00 ",,, -   , INCLUDED ," 50,000.00 "," 50,000.00 ",," 10,000.00 "," 10,000.00 ",,, -   ,," 1,000.00 "," 1,000.00 ",
,,,,,,,,,,,,,,,,,,,,,,,,,,,,
01.02.00,,"Submission to all authorities, obtaining approval from the authorities for the drawings, installations and compliance with all authorities requirements.
? 1 Lot ~ Inclusive",,,1,,,,,,,,," 5,000.00 "," 5,000.00 ",,,,," 5,000.00 "," 5,000.00 ",,,,,," 10,000.00 ",
,,,,,,,,,,,,,,,,,,,,,,,,,,,,
01.03.00,,"Arrangements for all authority's inspections and testing, issuance of clearance letters, certificates and licenses.
? 1 Lot ~ Inclusive",,,1,,,,,,,,," 3,000.00 "," 3,000.00 ",,,,," 5,000.00 "," 5,000.00 ",,,,,," 10,000.00 ",
,,,,,,,,,,,,,,,,,,,,,,,,,,,,
01.04.00,,"Submission of shop drawings to main contractor's approval and material sample board before commencement of work at site.
? 1 Lot ~ Inclusive",,,1,,,,,,,,," 5,000.00 "," 5,000.00 ",,,,," 5,000.00 "," 5,000.00 ",,,,,," 5,000.00 ",
,,,,,,,,,,,,,,,,,,,,,,,,,,,,
01.05.00,,"For compliance with the requirement for as-built drawings/data, Operational and Maintenance Instruction and Manual, six (6) sets of hard cover bound documents of operation manuals, parts catalogues, testing results and as built drawing and two softcopys in CD form to be submitted with two  (2? months from the date of handover of building.
? 1 Lot ~ Inclusive",,,1,,,,,,,,," 2,000.00 "," 2,000.00 ",,,,," 7,000.00 "," 7,000.00 ",,,,,," 6,000.00 ",
,,,,,,,,,,,,,,,,,,,,,,,,,,,,
01.06.00,,"Performance Bond, Workmen compensation insurance or SOCSO.
? 1 Lot ~ Inclusive",,,1,,,,,,,,,, -   , By MC ,,,," 10,000.00 "," 10,000.00 ",,,,,," 10,000.00 ",
,,,,,,,,,,,,,,,,,,,,,,,,,,,,
01.07.00,,"Full time site supervisor for the duration of the project and liaison/coordination with other subcontractors.
? 1 Lot ~ Inclusive",,,1,,,,,,,,," 48,000.00 "," 48,000.00 ",,,,," 50,000.00 "," 50,000.00 ",,,,,," 64,000.00 ",
,,,,,,,,,,,,,,,,,,,,,,,,,,,,
01.08.00,,"Testing, commissioning, balancing, running in period and taking over.
? 1 Lot ~ Inclusive",,,1,,,,,,,,,, -   , INCLUDED ,,,," 10,000.00 "," 10,000.00 ",,,,,," 20,000.00 ",
,,,,,,,,,,,,,,,,,,,,,,,,,,,,
01.09.00,,"Supply and install steel pipe sleeves and fire seal for all the opening at slab for pipe penetration.
? 1 Lot ~ Inclusive",,,1,,,,,,,,,, -   , INCLUDED ,,,," 10,000.00 "," 10,000.00 ",,,,,," 10,000.00 ",
,,,,,,,,,,,,,,,,,,,,,,,,,,,,
01.10.00,,"Complete labelling, painting and finishing works to architect's/consultant's requirements.
? 1 Lot ~ Inclusive",,,1,,,,,,,,,, -   , By MC ,,,," 10,000.00 "," 10,000.00 ",,,,,," 5,000.00 ",
,,,,,,,,,,,,,,,,,,,,,,,,,,,,
01.11.00,,"Site clearing and cleanliness of site.
? 1 Lot ~ Inclusive",,,1,,,,,,,,,, -   , By MC ,,,," 10,000.00 "," 10,000.00 ",,,,,," 10,000.00 ",
,,,,,,,,,,,,,,,,,,,,,,,,,,,,
01.12.00,,"Arrangement of worker Covid 19 test and CIDB training.
? 1 Lot ~ Inclusive",,,1,,,,,,,,,, -   , INCLUDED ,,,," 10,000.00 "," 10,000.00 ",,,,,," 2,000.00 ",
,,,,,,,,,,,,,,,,,,,,,,,,,,,,
01.13.00,,"All necessary machineries such as boom lift, scissor lift, genset, temporary lighting, etc for the completion of the work and system.
? 1 Lot ~ Inclusive",,,,,,,,,,,,, -   , By MC ,,,,, -   , BY OTHERS ,,,,," 30,000.00 ",
,,,,,,,,,,,,,,,,,,,,,,,,,,,,
01.14.00,,Labour and material to conduct COMPREHENSIVE routine service and maintenance no less than once monthly during 24 months defects liability period as per specification. Rate to include monthly preventive inspection and all cost to replace defective material and workmenship.,,,,,,,,,,,,, -   ,,,,,,,,,,,,,
,,,,,,,,,,,,,,,,,,,,,,,,,,,,
01.14.01,,Year 1,,Lot,1,, -   ,100%, -   , -   ," 6,000.00 "," 6,000.00 ",,"12,000.00"," 12,000.00 ",," 10,000.00 "," 10,000.00 ",," 18,000.00 "," 18,000.00 ",,, -   ,," 60,000.00 "," 60,000.00 ",
01.14.02,,Year 2,,Lot,1,, -   ,100%, -   , -   ," 6,000.00 "," 6,000.00 ",,"18,000.00"," 18,000.00 ",," 10,000.00 "," 10,000.00 ",," 25,000.00 "," 25,000.00 ",,, -   ,," 60,000.00 "," 60,000.00 ",
,,,,,,,,,,,,,,,,,,,,,,,,,,,,
01.15.00,,"Temporary electrical and water supply for the installation works. Sub-contractors are required to provide their own generator set.
? 1 Lot ~ Inclusive",,,,,,,,,,,,, -   , By MC ,,,,, -   , BY OTHERS ,,,,," 24,000.00 ",
,,,,,,,,,,,,,,,,,,,,,,,,,,,,
01.16.00,,"Perform pre-Bomba testing and conduct inspection and testing together with Bomba.
? 1 Lot ~ Inclusive",,,,,,,,,,,,, -   , INCLUDED ,,,,, -   , BY OTHERS ,,,,,,
,,,,,,,,,,,,,,,,,,,,,,,,,,,,
,,Total 01.00.00 To Be Carried Forward To Summary of Tender Prices,,,,, -   ,,, -   ,," 124,000.00 ",,," 93,000.00 ",,," 70,000.00 ",,," 185,000.00 ",,, -   ,,," 327,000.00 ",
,,,,,,,,,,,,,,,,,,,,,,,,,,,,
02.00.00,,COLD AND RAIN WATER PLUMBING SYSTEM,,,,,,,,,,,,,,,,,,,,,,,,,,
,,,,,,,,,,,,,,,,,,,,,,,,,,,,
02.01.00,,COLD WATER GROUND STORAGE TANK,,,,,,,,,,,,,,,,,,,,,,,,,,
,,,,,,,,,,,,,,,,,,,,,,,,,,,,
02.01.01,,"TO SUPPLY, DELIVER AND INSTALL SPAN approved 2 compartment FRP cold water tank c/w FRP panel, base skid,  internal partition, stainless steel grade 316 internal reinforcement (tie rod),  internal bolt and nuts washers, stainless steel grade 316 internal cat ladders, aluminium external cat ladders, manhole hinged covers, vents, mosquito nettings, level indicators, hole openings for inlet pipes, outlet pipes, balancing pipes, overflow pipes, warning pipes, scour pipes and electrode sensors, necessary internal and external water tightness sealant and all associated accessories for complete installation and functionality of the FRP tank with minimum 10 years warranty from CPC. 

FRP Suction Tank 
Dimension: 26m (L) x 8m (W) x 4m (H) 

The water tank shall have approval from SPAN and the installer shall be certified SPAN plumber.",,Lot,1,, -   ,100%, -   , -   ," 360,000.00 "," 360,000.00 ",," 309,600.00 "," 309,600.00 ",," 310,000.00 "," 310,000.00 ",," 384,000.00 "," 384,000.00 ",,, -   ,," 359,320.00 "," 359,320.00 ",
,,,,,,,,,,,,,,,,,,,,,,,,,,,,
02.02.00,,COLD WATER ROOF STORAGE TANK ,,,,,,,,,,,,,,,,,,,,,,,,,,
,,,,,,,,,,,,,,,,,,,,,,,,,,,,
02.02.01,,"TO SUPPLY, DELIVER AND INSTALL SPAN approved 2 compartment FRP cold water tank c/w FRP panel, base skid,  internal partition, stainless steel grade 316 internal reinforcement (tie rod),  internal bolt and nuts washers, stainless steel grade 316 internal cat ladders, aluminium external cat ladders, manhole hinged covers, vents, mosquito nettings, level indicators, hole openings for inlet pipes, outlet pipes, balancing pipes, overflow pipes, warning pipes, scour pipes and electrode sensors, necessary internal and external water tightness sealant and all associated accessories for complete installation and functionality of the FRP tank with minimum 10 years warranty from CPC. 

FRP Roof Water Tank Dimension: 
12m (L) x 12m (W) x 4m (H) 

The water tank shall have approval from SPAN and the installer shall be certified SPAN plumber.",,Lot,1,, -   ,100%, -   , -   ," 250,000.00 "," 250,000.00 ",," 216,000.00 "," 216,000.00 ",," 210,000.00 "," 210,000.00 ",," 264,000.00 "," 264,000.00 ",,, -   ,," 266,970.00 "," 266,970.00 ",
,,,,,,,,,,,,,,,,,,,,,,,,,,,,
02.02.02,,"TO SUPPLY, DELIVER AND INSTALL complete pipework for cold water roof storage tank c/w connection of balancing pipes, digital water meter, warning pipes, overflow pipes and scour pipes with isolation valves, heavy duty ball float valves, vortex inhibitors and all associated accessories and necessary work",,Lot,1,, -   ,100%, -   , -   ," 30,000.00 "," 30,000.00 ",," 35,000.00 "," 35,000.00 ",," 15,000.00 "," 15,000.00 ",," 66,040.00 "," 66,040.00 ",,, -   ,," 16,760.00 "," 16,760.00 ",
,,,,,,,,,,,,,,,,,,,,,,,,,,,,
02.03.00,,WATER FILTER,,,,,,,,,,,,,,,,,,,,,,,,,,
,,,,,,,,,,,,,,,,,,,,,,,,,,,,
02.03.01,,"TO SUPPLY, DELIVER AND INSTALL stainless steel sand filter, filter vessel, manifold sand piping, control valves, automatic controller and all associated accessories for complete installation and functionality of the sand filter.

Flowrate:
75m3/hr",,Lot,1,, -   ,100%, -   , -   ," 160,000.00 "," 160,000.00 ",," 91,500.00 "," 91,500.00 ",," 90,000.00 "," 90,000.00 ",," 126,020.00 "," 126,020.00 ",,, -   ,," 85,800.00 "," 85,800.00 ",
,,,,,,,,,,,,,,,,,,,,,,,,,,,,
02.04.00,,PUMPING SYSTEM,,,,,,,,,,,,,,,,,,,,,,,,,,
,,,,,,,,,,,,,,,,,,,,,,,,,,,,
02.04.01,,"TO SUPPLY AND DELIVER variable speed pump (1 duty/1 standby) cold water SUCTION PUMPSET c/w skid, electric motors, skids, stainless steel 304 suction and discharge manifold, pre-pressurised tank at discharge manifold,  pressure gauges at suction and discharge manifold, valves and flexible couplings at pumps inlet and outlet, check valves at pumps outlet, strainers at pumps inlet, supports, base frame, fittings, main control panel system to all pump in pump system, individual VFD starter with speed control, low water level cut off pressure transmitter, outlet manifold pressure transmitters, electrical wiring, control wiring and all necessary accessories. 

* Pump tag: 
   GF-P-01, & 02

The pumpset capacity flowrate and pressure shall refer to schedule in drawing and selection to its best efficiency.",,Lot,1,, -   ,100%, -   , -   ," 86,605.00 "," 86,605.00 ",," 61,200.00 "," 61,200.00 ",," 60,000.00 "," 60,000.00 ",," 97,085.00 "," 97,085.00 ",,, -   ,," 119,760.00 "," 119,760.00 ",
,,,,,,,,,,,,,,,,,,,,,,,,,,,,
02.04.02,,"TO INSTALL variable speed pump (1 duty/1 standby) cold water SUCTION PUMPSET c/w skid, electric motors, skids, stainless steel 304 suction and discharge manifold, pre-pressurised tank at discharge manifold,  pressure gauges at suction and discharge manifold, valves and flexible couplings at pumps inlet and outlet, check valves at pumps outlet, strainers at pumps inlet,   supports, base frame, fittings, main control panel system to all pump in pump system, individual VFD starter with speed control, low water level cut off pressure transmitter, outlet manifold pressure transmitters, electrical wiring, control wiring and all necessary accessories. 

* Pump tag: 
   GF-P-01, & 02

The pumpset capacity flowrate and pressure shall refer to schedule in drawing and selection to its best efficiency.",,Lot,1,, -   ,100%, -   , -   ," 5,000.00 "," 5,000.00 ",," 12,240.00 "," 12,240.00 ",," 5,000.00 "," 5,000.00 ",," 30,380.00 "," 30,380.00 ",,, -   ,," 5,000.00 "," 5,000.00 ",
,,,,,,,,,,,,,,,,,,,,,,,,,,,,
02.04.03,,"Program setup, testing and commissioning the VSD pumpset to specified flowrate and pressure in schedule for all pumpsets.",,Lot,1,, -   ,100%, -   , -   ," 1,500.00 "," 1,500.00 ",,, -   , INCLUDED ," 3,000.00 "," 3,000.00 ",," 1,500.00 "," 1,500.00 ",,, -   ,," 5,000.00 "," 5,000.00 ",
,,,,,,,,,,,,,,,,,,,,,,,,,,,,
02.04.04,,"TO SUPPLY AND DELIVER variable speed  pump (1 duty/1 standby) cold water BOOSTER PUMPSET c/w skid, electric motors, skids, stainless steel 304 suction and discharge manifold, pre-pressurised tank at discharge manifold,  pressure gauges at suction and discharge manifold, valves and flexible couplings at pumps inlet and outlet, check valves at pumps outlet, strainers at pumps inlet,   supports, base frame, fittings, main control panel system to all pump in pump system, individual VFD starter with speed control, low water level cut off pressure transmitter, outlet manifold pressure transmitters, electrical wiring, control wiring and all necessary accessories. 

*  Pump tag: 
    RF-P-01 & 02 
   
The pumpset capacity flowrate and pressure shall refer to schedule in drawing and selection to its best efficiency.",,Lot,1,, -   ,100%, -   , -   ," 40,000.00 "," 40,000.00 ",," 30,700.00 "," 30,700.00 ",," 30,000.00 "," 30,000.00 ",," 46,275.00 "," 46,275.00 ",,, -   ,," 59,800.00 "," 59,800.00 ",
,,,,,,,,,,,,,,,,,,,,,,,,,,,,
02.04.05,,"TO INSTALL variable speed pump (1 duty/1 standby) cold water BOOSTER PUMPSET c/w skid, electric motors, skids, stainless steel 304 suction and discharge manifold, pre-pressurised tank at discharge manifold,  pressure gauges at suction and discharge manifold, valves and flexible couplings at pumps inlet and outlet, check valves at pumps outlet, strainers at pumps inlet,   supports, base frame, fittings, main control panel system to all pump in pump system, individual VFD starter with speed control, low water level cut off pressure transmitter, outlet manifold pressure transmitters, electrical wiring, control wiring and all necessary accessories. 

* Pump tag: 
   RF-P-01 & 02
  
The pumpset capacity flowrate and pressure shall refer to schedule in drawing and selection to its best efficiency.",,Lot,1,, -   ,100%, -   , -   ," 5,000.00 "," 5,000.00 ",," 9,210.00 "," 9,210.00 ",," 4,000.00 "," 4,000.00 ",," 16,800.00 "," 16,800.00 ",,, -   ,," 5,000.00 "," 5,000.00 ",
,,,,,,,,,,,,,,,,,,,,,,,,,,,,
02.04.06,,"Program setup, testing and commissioning the VSD pumpset to specified flowrate and pressure in schedule for all pumpsets.",,Lot,1,, -   ,100%, -   , -   ," 1,500.00 "," 1,500.00 ",,, -   , INCLUDED ," 2,000.00 "," 2,000.00 ",," 1,500.00 "," 1,500.00 ",,, -   ,," 10,000.00 "," 10,000.00 ",
,,,,,,,,,,,,,,,,,,,,,,,,,,,,
02.05.00,,COLD WATER DISTRIBUTION,,,,,,,,,,,,,,,,,,,,,,,,,,
,,,,,,,,,,,,,,,,,,,,,,,,,,,,
02.05.01,,"TO SUPPLY AND DELIVER PPR/POR above ground and HDPE underground from FRP tank to suction pump suction header c/w pipe fittings, digital water meter, check valve & all necessary accessories.",,,,,,,,,,,,,,,,,,,,,,,,,,
,,,,,,,,,,,,,,,,,,,,,,,,,,,,
02.05.01.01,,"From external water reticulation pipe to suction tank.

 •  150mm dia  ~ Est. pipe length: 400m",,Lot,1,, -   ,100%, -   , -   ," 59,765.00 "," 59,765.00 ",," 50,400.00 "," 50,400.00 ",," 66,000.00 "," 66,000.00 ",," 120,000.00 "," 120,000.00 "," HDPE
PN12.5 ",, -   ,," 89,460.00 "," 89,460.00 ",
,,,,,,,,,,,,,,,,,,,,,,,,,,,,
02.05.01.02,,"From FRP tank above ground outgoing pipe header to pump suction manifold.

 •  100mm dia ~ Est. pipe length: 15m",,Lot,1,, -   ,100%, -   , -   ," 3,550.00 "," 3,550.00 ",," 1,620.00 "," 1,620.00 ",," 3,000.00 "," 3,000.00 ",," 6,000.00 "," 6,000.00 ", PPR PN16 ,, -   ,," 7,870.00 "," 7,870.00 ",
,,,,,,,,,,,,,,,,,,,,,,,,,,,,
02.05.01.03,,"From suction pump discharge manifold to roof tanks at Roof Floor.

•  100mm dia ~ Est. pipe length: 250m",,Lot,1,, -   ,100%, -   , -   ," 37,200.00 "," 37,200.00 ",," 27,000.00 "," 27,000.00 ",," 43,000.00 "," 43,000.00 ",," 81,250.00 "," 81,250.00 "," HDPE PN16
&
PPR PN16 ",, -   ,," 131,250.00 "," 131,250.00 ",
,,,,,,,,,,,,,,,,,,,,,,,,,,,,
02.05.02,,"TO INSTALL PPR/POR above ground and HDPE underground from FRP tank to suction pump suction header c/w pipe fittings, support, fittings, brackets, hangers, valves, digital water meter, and all necessary accessories.",,,,,,,,,,,,,,,,,,,,,,,,,,
,,,,,,,,,,,,,,,,,,,,,,,,,,,,
02.05.02.01,,"From external water reticulation pipe to suction tank.

 •  150mm dia  ~ Est. pipe length: 400m",,Lot,1,, -   ,100%, -   , -   ," 126,000.00 "," 126,000.00 ",," 33,600.00 "," 33,600.00 ",," 45,000.00 "," 45,000.00 ",,, -   , INCLUDED ,, -   ,," 488,670.00 "," 488,670.00 ",
,,,,,,,,,,,,,,,,,,,,,,,,,,,,
02.05.02.02,,"From FRP tank above ground outgoing pipe header to pump suction manifold.

 •  100mm dia ~ Est. pipe length: 15m",,Lot,1,, -   ,100%, -   , -   ," 6,100.00 "," 6,100.00 ",," 1,080.00 "," 1,080.00 ",," 2,000.00 "," 2,000.00 ",,, -   , INCLUDED ,, -   ,," 7,870.00 "," 7,870.00 ",
,,,,,,,,,,,,,,,,,,,,,,,,,,,,
02.05.02.03,,"From suction pump discharge manifold to all roof tanks at Roof Floor.

•  100mm dia ~ Est. pipe length: 250m",,Lot,1,, -   ,100%, -   , -   ," 309,300.00 "," 309,300.00 ",," 25,000.00 "," 25,000.00 ",," 30,000.00 "," 30,000.00 ",,, -   , INCLUDED ,, -   ,," 131,250.00 "," 131,250.00 ",
,,,,,,,,,,,,,,,,,,,,,,,,,,,,
02.05.03,,TO SUPPLY AND DELIVER PPR PN16 main dropper pipe from FRP roof tank outlet to service outlets.,,,,,,,,,,,,,,,,,,,,,,,,,,
,,,,,,,,,,,,,,,,,,,,,,,,,,,,
02.05.03.01,,"From FRP tank outlet  and header to booster pump suction manifold and from booster pump discharge manifold to dropper serving level G, 1,2 & 3.

•  65mm dia  ~ Est. pipe length: 15m",,Lot,1,, -   ,100%, -   , -   , 975.00 , 975.00 ,," 1,890.00 "," 1,890.00 ",," 2,000.00 "," 2,000.00 ",," 3,000.00 "," 3,000.00 ",,, -   ,," 4,500.00 "," 4,500.00 ",
,,,,,,,,,,,,,,,,,,,,,,,,,,,,
02.05.03.02,,"From booster pump suction manifold  to dropper and water taping Roof Floor c/w fittings and necessary accessories.

•  65mm dia ~ Est. pipe length: 20m
•  50mm dia ~ Est. pipe length: 120m
•  32mm dia ~ Est. pipe length: 60m
•  25mm dia ~ Est. pipe length: 8m
•  20mm dia ~ Est. pipe length: 100m",,Lot,1,, -   ,100%, -   , -   ," 6,180.00 "," 6,180.00 ",," 24,792.00 "," 24,792.00 ",," 55,000.00 "," 55,000.00 ",," 39,775.00 "," 39,775.00 ",,, -   ,," 28,960.00 "," 28,960.00 ",
,,,,,,,,,,,,,,,,,,,,,,,,,,,,
02.05.04,,"TO INSTALL PPR PN16 main dropper pipe from FRP roof tank outlet to service outlets c/w pipe fittings, bracket, supports, hanger and all necessary accessories.",,,,,,,,,,,,,,,,,,,,,,,,,,
,,,,,,,,,,,,,,,,,,,,,,,,,,,,
02.05.04.01,,"From FRP tank outlet  and header to booster pump suction manifold and from booster pump discharge manifold to dropper serving level G, 1, 2 & 3.

•  65mm dia ~ Est. pipe length: 15m",,Lot,1,, -   ,100%, -   , -   ," 1,650.00 "," 1,650.00 ",," 1,260.00 "," 1,260.00 ",," 1,200.00 "," 1,200.00 ",,, -   , INCLUDED ,, -   ,," 4,500.00 "," 4,500.00 ",
,,,,,,,,,,,,,,,,,,,,,,,,,,,,
02.05.04.02,,"From booster pump suction manifold  to dropper and water taping Roof Floor c/w fittings and necessary accessories.

•  65mm dia ~ Est. pipe length: 20m
•  50mm dia ~ Est. pipe length: 120m
•  32mm dia ~ Est. pipe length: 60m
•  25mm dia ~ Est. pipe length: 8m
•  20mm dia ~ Est. pipe length: 100m",,Lot,1,, -   ,100%, -   , -   ," 12,460.00 "," 12,460.00 ",," 16,528.00 "," 16,528.00 ",," 36,000.00 "," 36,000.00 ",,, -   , INCLUDED ,, -   ,," 28,960.00 "," 28,960.00 ",
,,,,,,,,,,,,,,,,,,,,,,,,,,,,
02.05.05,,TO SUPPLY AND DELIVER HDPE PN12.5 main dropper pipe from FRP rain water tank outlet to service outlets.,,,,,,,,,,,,,,,,,,,,,,,,,,
,,,,,,,,,,,,,,,,,,,,,,,,,,,,
02.05.05.01,,"From FRP rain water tank outlet to dropper serving irrigation taps at ground floors.

•  75mm dia (OD) ~ Est. pipe length: 52m
•  60mm dia (OD) ~ Est. pipe length: 152m",,Lot,1,, -   ,100%, -   , -   ," 2,400.00 "," 2,400.00 ",," 13,206.00 "," 13,206.00 ",," 22,000.00 "," 22,000.00 ",," 14,650.00 "," 14,650.00 ",,, -   ,," 49,090.00 "," 49,090.00 ",
,,,,,,,,,,,,,,,,,,,,,,,,,,,,
02.05.06,,"TO INSTALL HDPE PN 12.5 main dropper pipe from FRP roof tank outlet to service outlets c/w pipe fittings, bracket, supports, hanger and all necessary accessories.",,,,,,,,,,,,,,,,,,,,,,,,,,
,,,,,,,,,,,,,,,,,,,,,,,,,,,,
02.05.06.01,,"From FRP rain water tank outlet to dropper serving irrigation taps at ground floors.

•  75mm dia (OD) ~ Est. pipe length: 52m
•  60mm dia (OD) ~ Est. pipe length: 152m",,Lot,1,, -   ,100%, -   , -   ," 13,260.00 "," 13,260.00 ",," 8,804.00 "," 8,804.00 ",," 16,000.00 "," 16,000.00 ",,, -   , INCLUDED ,, -   ,," 49,090.00 "," 49,090.00 ",
,,,,,,,,,,,,,,,,,,,,,,,,,,,,
02.05.07,,"TO SUPPLY AND DELIVER PPR PN16 pipe tapping from dropper to all service outlets c/w digital water meter, stopcock, isolation valves & all necessary accessories.",,,,,,,,,,,,,,,,,,,,,,,,,,
,,,,,,,,,,,,,,,,,,,,,,,,,,,,
,,GROUND FLOOR,,,,,,,,,,,,,,,,,,,,,,,,,,
02.05.07.01,,"• Detail A
Toilet 1 ~ Ground Floor 
Driver toilets.",,Lot,1,, -   ,100%, -   , -   ," 9,100.00 "," 9,100.00 ",," 2,700.00 "," 2,700.00 ",, 850.00 , 850.00 ,," 5,785.00 "," 5,785.00 ",,, -   ,," 3,000.00 "," 3,000.00 ",
,,,,,,,,,,,,,,,,,,,,,,,,,,,,
02.05.07.02,,"• DetaiL B
Toilet 2 ~ Ground Floor 
Driver toilets.",,Lot,1,, -   ,100%, -   , -   ," 9,600.00 "," 9,600.00 ",," 3,600.00 "," 3,600.00 ",," 1,200.00 "," 1,200.00 ",," 5,020.00 "," 5,020.00 ",,, -   ,," 5,000.00 "," 5,000.00 ",
,,,,,,,,,,,,,,,,,,,,,,,,,,,,
02.05.07.03,,"• Detail C
Toilet 3 ~ Ground Floor 
Male and female toilets, handicapped toilet & janitor.",,Lot,1,, -   ,100%, -   , -   ," 14,600.00 "," 14,600.00 ",," 12,150.00 "," 12,150.00 ",," 5,500.00 "," 5,500.00 ",," 22,880.00 "," 22,880.00 ",,, -   ,," 13,000.00 "," 13,000.00 ",
,,,,,,,,,,,,,,,,,,,,,,,,,,,,
02.05.07.04,,"• Detail D
Kitchen & Canteen ~ Ground Floor",,Lot,1,, -   ,100%, -   , -   ," 5,660.00 "," 5,660.00 ",, 900.00 , 900.00 ,, 900.00 , 900.00 ,," 4,300.00 "," 4,300.00 ",,, -   ,," 1,100.00 "," 1,100.00 ",
,,,,,,,,,,,,,,,,,,,,,,,,,,,,
02.05.07.05,,"• Detail E
Guardhouse Toilet 1 & 2 ~ Ground Floor",,Lot,1,, -   ,100%, -   , -   ," 9,250.00 "," 9,250.00 ",," 5,400.00 "," 5,400.00 ",, 900.00 , 900.00 ,," 27,355.00 "," 27,355.00 ",,, -   ,," 1,500.00 "," 1,500.00 ",
,,,,,,,,,,,,,,,,,,,,,,,,,,,,
02.05.07.06,,"• Detail F
Toilet 4, external access toilets & janitor ~ Ground  Mezzanine",,Lot,1,, -   ,100%, -   , -   ," 15,800.00 "," 15,800.00 ",," 14,850.00 "," 14,850.00 ",," 3,200.00 "," 3,200.00 ",," 10,755.00 "," 10,755.00 ",,, -   ,," 10,540.00 "," 10,540.00 ",
,,,,,,,,,,,,,,,,,,,,,,,,,,,,
02.05.07.07,,"• Detail G
Toilet 5 & 6 and Changing Room 1 & 2 ~ Ground  Mezzanine",,Lot,1,, -   ,100%, -   , -   ," 11,300.00 "," 11,300.00 ",," 3,600.00 "," 3,600.00 ",," 1,700.00 "," 1,700.00 ",," 11,010.00 "," 11,010.00 ",,, -   ,," 6,000.00 "," 6,000.00 ",
,,,,,,,,,,,,,,,,,,,,,,,,,,,,
02.05.07.08,,"• Detail H
Toilet 7 "" Ground  Mezzanine
Ground  Mezzanine",,Lot,1,, -   ,100%, -   , -   ," 11,500.00 "," 11,500.00 ",," 9,900.00 "," 9,900.00 ",," 3,700.00 "," 3,700.00 ",," 8,180.00 "," 8,180.00 ",,, -   ,," 11,000.00 "," 11,000.00 ",
,,,,,,,,,,,,,,,,,,,,,,,,,,,,
,,FIRST FLOOR,,,,,,,,,,,,,,,,,,,,,,,,,,
02.05.07.08,,"• Detail B
Toilet 8 ~ First Floor 
Driver toilets.",,Lot,1,, -   ,100%, -   , -   ," 9,600.00 "," 9,600.00 ",," 2,700.00 "," 2,700.00 ",," 1,700.00 "," 1,700.00 ",," 5,020.00 "," 5,020.00 ",,, -   ,," 5,000.00 "," 5,000.00 ",
,,,,,,,,,,,,,,,,,,,,,,,,,,,,
02.05.07.09,,"• DetaiL G
Toilet 9, 10 and Changing Room 3 & 4 ~ First Mezzanine ",,Lot,1,, -   ,100%, -   , -   ," 12,300.00 "," 12,300.00 ",," 3,600.00 "," 3,600.00 ",," 1,700.00 "," 1,700.00 ",," 11,010.00 "," 11,010.00 ",,, -   ,," 6,000.00 "," 6,000.00 ",
,,,,,,,,,,,,,,,,,,,,,,,,,,,,
02.05.07.10,,"• Detail H
Toilet 11 ~ First Mezzanine 
Male and female toilets",,Lot,1,, -   ,100%, -   , -   ," 12,500.00 "," 12,500.00 ",," 15,300.00 "," 15,300.00 ",," 3,700.00 "," 3,700.00 ",," 8,180.00 "," 8,180.00 ",,, -   ,," 11,000.00 "," 11,000.00 ",
,,,,,,,,,,,,,,,,,,,,,,,,,,,,
,,SECOND FLOOR,,,,,,,,,,,,,,,,,,,,,,,,,,
02.05.07.11,,"• Detail B
Toilet 12 ~ Second Floor 
Driver toilets.",,Lot,1,, -   ,100%, -   , -   ," 9,600.00 "," 9,600.00 ",," 3,600.00 "," 3,600.00 ",," 1,700.00 "," 1,700.00 ",," 5,020.00 "," 5,020.00 ",,, -   ,," 5,000.00 "," 5,000.00 ",
,,,,,,,,,,,,,,,,,,,,,,,,,,,,
02.05.07.12,,"• DetaiL G
Toilet 13, 14 and Changing Room 5 & 6 ~ Second Mezzanine ",,Lot,1,, -   ,100%, -   , -   ," 12,300.00 "," 12,300.00 ",," 3,600.00 "," 3,600.00 ",," 1,700.00 "," 1,700.00 ",," 11,010.00 "," 11,010.00 ",,, -   ,," 6,000.00 "," 6,000.00 ",
,,,,,,,,,,,,,,,,,,,,,,,,,,,,
02.05.07.10,,"• Detail H
Toilet 15 ~ Second Mezzanine 
Male and female toilets",,Lot,1,, -   ,100%, -   , -   ," 12,500.00 "," 12,500.00 ",," 15,300.00 "," 15,300.00 ",," 3,700.00 "," 3,700.00 ",," 8,180.00 "," 8,180.00 ",,, -   ,," 11,000.00 "," 11,000.00 ",
,,,,,,,,,,,,,,,,,,,,,,,,,,,,
,,ROOF FLOOR,,,,,,,,,,,,,,,,,,,,,,,,,,
02.05.07.13,," Water tapping points.
• Ext tap point : 5 nos",,Lot,1,, -   ,100%, -   , -   , 360.00 , 360.00 ,," 2,250.00 "," 2,250.00 ",," 9,000.00 "," 9,000.00 ",," 1,820.00 "," 1,820.00 ",,, -   ,," 1,000.00 "," 1,000.00 ",
,,,,,,,,,,,,,,,,,,,,,,,,,,,,
02.05.08,,"TO INSTALL PPR PN16 pipe tapping from dropper to all service outlets c/w support, fittings, valves, digital water meter, stopcock, bracket, hacking, plastering and all necessary accessories.",,,,,,,,,,,,,,,,,,,,,,,,,,
,,,,,,,,,,,,,,,,,,,,,,,,,,,,
,,GROUND FLOOR,,,,,,,,,,,,,,,,,,,,,,,,,,
02.05.08.01,,"• Detail A
Toilet 1 ~ Ground Floor 
Driver toilets.",,Lot,1,, -   ,100%, -   , -   ," 2,500.00 "," 2,500.00 ",," 1,800.00 "," 1,800.00 ",, 600.00 , 600.00 ,,, -   , INCLUDED ,, -   ,," 3,000.00 "," 3,000.00 ",
,,,,,,,,,,,,,,,,,,,,,,,,,,,,
02.05.08.02,,"• DetaiL B
Toilet 2 ~ Ground Floor 
Driver toilets.",,Lot,1,, -   ,100%, -   , -   ," 3,200.00 "," 3,200.00 ",," 2,400.00 "," 2,400.00 ",, 800.00 , 800.00 ,,, -   , INCLUDED ,, -   ,," 5,000.00 "," 5,000.00 ",
,,,,,,,,,,,,,,,,,,,,,,,,,,,,
02.05.08.03,,"• Detail C
Toilet 3 ~ Ground Floor 
Male and female toilets, handicapped toilet & janitor.",,Lot,1,, -   ,100%, -   , -   ," 8,900.00 "," 8,900.00 ",," 8,100.00 "," 8,100.00 ",," 3,600.00 "," 3,600.00 ",,, -   , INCLUDED ,, -   ,," 13,000.00 "," 13,000.00 ",
,,,,,,,,,,,,,,,,,,,,,,,,,,,,
02.05.08.04,,"• Detail D
Kitchen & Canteen ~ Ground Floor",,Lot,1,, -   ,100%, -   , -   ," 1,400.00 "," 1,400.00 ",, 600.00 , 600.00 ,, 600.00 , 600.00 ,,, -   , INCLUDED ,, -   ,," 1,100.00 "," 1,100.00 ",
,,,,,,,,,,,,,,,,,,,,,,,,,,,,
02.05.08.05,,"• Detail E
Guardhouse Toilet 1 & 2 ~ Ground Floor",,Lot,1,, -   ,100%, -   , -   ," 2,700.00 "," 2,700.00 ",," 3,600.00 "," 3,600.00 ",, 600.00 , 600.00 ,,, -   , INCLUDED ,, -   ,," 1,500.00 "," 1,500.00 ",
,,,,,,,,,,,,,,,,,,,,,,,,,,,,
02.05.08.06,,"• Detail F
Toilet 4, external access toilets & janitor ~ Ground  Mezzanine",,Lot,1,, -   ,100%, -   , -   ," 7,600.00 "," 7,600.00 ",," 9,900.00 "," 9,900.00 ",," 2,100.00 "," 2,100.00 ",,, -   , INCLUDED ,, -   ,," 10,540.00 "," 10,540.00 ",
,,,,,,,,,,,,,,,,,,,,,,,,,,,,
02.05.08.07,,"• Detail G
Toilet 5 & 6 and Changing Room 1 & 2 ~ Ground  Mezzanine",,Lot,1,, -   ,100%, -   , -   ," 6,900.00 "," 6,900.00 ",," 2,400.00 "," 2,400.00 ",," 1,200.00 "," 1,200.00 ",,, -   , INCLUDED ,, -   ,," 6,000.00 "," 6,000.00 ",
,,,,,,,,,,,,,,,,,,,,,,,,,,,,
02.05.08.08,,"• Detail H
Toilet 7 "" Ground  Mezzanine
Ground  Mezzanine",,Lot,1,, -   ,100%, -   , -   ," 6,900.00 "," 6,900.00 ",," 6,600.00 "," 6,600.00 ",," 2,500.00 "," 2,500.00 ",,, -   , INCLUDED ,, -   ,," 11,000.00 "," 11,000.00 ",
,,,,,,,,,,,,,,,,,,,,,,,,,,,,
,,FIRST FLOOR,,,,,,,,,,,,,,,,,,,,,,,,,,
02.05.08.09,,"• Detail B
Toilet 8 ~ First Floor 
Driver toilets.",,Lot,1,, -   ,100%, -   , -   ," 3,200.00 "," 3,200.00 ",," 2,400.00 "," 2,400.00 ",," 1,200.00 "," 1,200.00 ",,, -   , INCLUDED ,, -   ,," 5,000.00 "," 5,000.00 ",
,,,,,,,,,,,,,,,,,,,,,,,,,,,,
02.05.08.10,,"• DetaiL G
Toilet 9, 10 and Changing Room 3 & 4 ~ First Mezzanine ",,Lot,1,, -   ,100%, -   , -   ," 6,600.00 "," 6,600.00 ",," 2,400.00 "," 2,400.00 ",," 1,200.00 "," 1,200.00 ",,, -   , INCLUDED ,, -   ,," 6,000.00 "," 6,000.00 ",
,,,,,,,,,,,,,,,,,,,,,,,,,,,,
02.05.08.11,,"• Detail H
Toilet 11 ~ First Mezzanine 
Male and female toilets",,Lot,1,, -   ,100%, -   , -   ," 6,900.00 "," 6,900.00 ",," 10,200.00 "," 10,200.00 ",," 2,500.00 "," 2,500.00 ",,, -   , INCLUDED ,, -   ,," 11,000.00 "," 11,000.00 ",
,,,,,,,,,,,,,,,,,,,,,,,,,,,,
,,SECOND FLOOR,,,,,,,,,,,,,,,,,,,,,,,,,,
02.05.08.12,,"• Detail B
Toilet 12 ~ Second Floor 
Driver toilets.",,Lot,1,, -   ,100%, -   , -   ," 3,200.00 "," 3,200.00 ",," 2,400.00 "," 2,400.00 ",," 1,200.00 "," 1,200.00 ",,, -   , INCLUDED ,, -   ,," 5,000.00 "," 5,000.00 ",
,,,,,,,,,,,,,,,,,,,,,,,,,,,,
02.05.08.13,,"• DetaiL G
Toilet 13, 14 and Changing Room 5 & 6 ~ Second Mezzanine ",,Lot,1,, -   ,100%, -   , -   ," 6,900.00 "," 6,900.00 ",," 2,400.00 "," 2,400.00 ",," 1,200.00 "," 1,200.00 ",,, -   , INCLUDED ,, -   ,," 6,000.00 "," 6,000.00 ",
,,,,,,,,,,,,,,,,,,,,,,,,,,,,
02.05.08.14,,"• Detail H
Toilet 15 ~ Second Mezzanine 
Male and female toilets",,Lot,1,, -   ,100%, -   , -   ," 6,900.00 "," 6,900.00 ",," 10,200.00 "," 10,200.00 ",," 2,500.00 "," 2,500.00 ",,, -   , INCLUDED ,, -   ,," 11,000.00 "," 11,000.00 ",
,,,,,,,,,,,,,,,,,,,,,,,,,,,,
,,ROOF FLOOR,,,,,,,,,,,,,,,,,,,,,,,,,,
02.05.07.15,," Water tapping points.
• Ext tap point : 5 nos",,Lot,1,, -   ,100%, -   , -   , 700.00 , 700.00 ,," 1,500.00 "," 1,500.00 ",," 6,000.00 "," 6,000.00 ",,, -   , INCLUDED ,, -   ,," 1,000.00 "," 1,000.00 ",
,,,,,,,,,,,,,,,,,,,,,,,,,,,,
,,,,,,,,,,,,,,,,,,,,,,,,,,,,
02.05.09,,"IRRIGATION SYSTEM

To supply and install underground distribution pipe 75mm & 60mm (OD) dia. PN12.5 HDPE pipe tapping from dropper to all irrigation points c/w lockable garden bib taps at ground floor and road level. 
• Ext tap point : 30 nos",,Lot,1,, -   ,100%, -   , -   ," 95,940.00 "," 95,940.00 ",," 37,500.00 "," 37,500.00 ",," 55,000.00 "," 55,000.00 ",," 46,935.00 "," 46,935.00 ",,, -   ,," 84,430.00 "," 84,430.00 ",
,,,,,,,,,,,,,,,,,,,,,,,,,,,,
02.06.00,,"TESTING, COMMISSIONING AND ACCEPTANCE",,,,,,,,,,,,,,,,,,,,,,,,,,
,,,,,,,,,,,,,,,,,,,,,,,,,,,,
02.06.01,,"The contractor are to assure that all systems and components of a services are installed, tested, operated, and maintained according to the operational requirements of the contract.",,Lot,1,, -   ,100%, -   , -   ," 3,000.00 "," 3,000.00 ",,, -   , INCLUDED ," 5,000.00 "," 5,000.00 ",," 25,000.00 "," 25,000.00 ",,, -   ,," 16,000.00 "," 16,000.00 ",
,,,,,,,,,,,,,,,,,,,,,,,,,,,,
,,Total 02.00.00 To Be Carried Forward To Summary of Tender Prices,,,,, -   ,,, -   ,," 1,847,855.00 ",,," 1,174,480.00 ",,," 1,179,150.00 ",,," 1,515,735.00 ",,, -   ,,," 2,247,590.00 ",
,,,,,,,,,,,,,,,,,,,,,,,,,,,,
03.00.00,,SANITARY PLUMBING SYSTEM,,,,,,,,,,,,,,,,,,,,,,,,,,
,,,,,,,,,,,,,,,,,,,,,,,,,,,,
03.01.00,,"UNDERGROUND PIPEWORK

TO SUPPLY AND DELIVER UPVC brown pipe for the connection in between inspection chamber to inspection chamber, gully trap to inspection chamber, floor trap to gully trap and grease interceptor to inspection chamber complete with fittings at Ground Floor. 
All pipe work to be laid below ground beam (estimated beam depth is 800mm from FFL).",,,,,,,,,,,,,,,,,,,,,,,,,,
,,,,,,,,,,,,,,,,,,,,,,,,,,,,
03.01.01,,"IC-SQ-01  to IC-SQ-02
•  Est. pipe length: 25M",,Lot,1,, -   ,100%, -   , -   ," 2,100.00 "," 2,100.00 ",," 7,500.00 "," 7,500.00 ",, 900.00 , 900.00 ,," 2,750.00 "," 2,750.00 ",,, -   ,," 1,000.00 "," 1,000.00 ",
,,,,,,,,,,,,,,,,,,,,,,,,,,,,
03.01.02,,"2 nos gully trap to IC-SQ-01 
•  Est. pipe length: 4M",,Lot,1,, -   ,100%, -   , -   , 250.00 , 250.00 ,, 840.00 , 840.00 ,, 150.00 , 150.00 ,, 320.00 , 320.00 ,,, -   ,, 160.00 , 160.00 ,
,,,,,,,,,,,,,,,,,,,,,,,,,,,,
03.01.03,,"IC-SQ-02 to IC-SQ-03
•  Est. pipe length: 34M",,Lot,1,, -   ,100%, -   , -   ," 3,380.00 "," 3,380.00 ",," 10,200.00 "," 10,200.00 ",," 1,150.00 "," 1,150.00 ",," 4,420.00 "," 4,420.00 ",,, -   ,," 1,360.00 "," 1,360.00 ",
,,,,,,,,,,,,,,,,,,,,,,,,,,,,
03.01.04,,"IC-SQ-03 to IC-SQ-04
•  Est. pipe length: 39M",,Lot,1,, -   ,100%, -   , -   ," 3,220.00 "," 3,220.00 ",," 11,700.00 "," 11,700.00 ",," 1,300.00 "," 1,300.00 ",,, -   , BY SEWERAGE ,, -   ,," 1,560.00 "," 1,560.00 ",
,,,,,,,,,,,,,,,,,,,,,,,,,,,,
03.01.05,,"2 no gully trap to IC-SQ-04
•  Est. pipe length: 12M",,Lot,1,, -   ,100%, -   , -   , 650.00 , 650.00 ,," 2,520.00 "," 2,520.00 ",, 400.00 , 400.00 ,, 960.00 , 960.00 ,,, -   ,, 480.00 , 480.00 ,
,,,,,,,,,,,,,,,,,,,,,,,,,,,,
03.01.06,,"IC-SQ-04 to IC-SQ-05  
•  Est. pipe length: 7M",,Lot,1,, -   ,100%, -   , -   , 610.00 , 610.00 ,," 2,100.00 "," 2,100.00 ",, 240.00 , 240.00 ,, 770.00 , 770.00 , IC-SQ-05 to IC-SQ-04 ,, -   ,, 280.00 , 280.00 ,
,,,,,,,,,,,,,,,,,,,,,,,,,,,,
03.01.07,,"IC-SQ-05 to IC-SQ-06 
•  Est. pipe length: 39M",,Lot,1,, -   ,100%, -   , -   ," 3,220.00 "," 3,220.00 ",," 11,700.00 "," 11,700.00 ",," 1,300.00 "," 1,300.00 ",,, -   , N/A ,, -   ,," 1,560.00 "," 1,560.00 ",
,,,,,,,,,,,,,,,,,,,,,,,,,,,,
03.01.08,,"1 no gully trap to IC-SQ-06
•  Est. pipe length: 6M",,Lot,1,, -   ,100%, -   , -   , 350.00 , 350.00 ,," 1,260.00 "," 1,260.00 ",, 210.00 , 210.00 ,, 480.00 , 480.00 ,,, -   ,, 240.00 , 240.00 ,
,,,,,,,,,,,,,,,,,,,,,,,,,,,,
03.01.09,,"IC-SQ-06 to IC-SQ-07 
•  Est. pipe length: 3M",,Lot,1,, -   ,100%, -   , -   , 290.00 , 290.00 ,, 900.00 , 900.00 ,, 120.00 , 120.00 ,, 390.00 , 390.00 , IC-SQ-07 to IC-SQ-06 ,, -   ,, 120.00 , 120.00 ,
,,,,,,,,,,,,,,,,,,,,,,,,,,,,
03.01.10,,"2 nos gully trap to IC-SQ-07  
•  Est. pipe length: 3.6M",,Lot,1,, -   ,100%, -   , -   , 230.00 , 230.00 ,, 756.00 , 756.00 ,, 135.00 , 135.00 ,, 288.00 , 288.00 ,,, -   ,, 144.00 , 144.00 ,
,,,,,,,,,,,,,,,,,,,,,,,,,,,,
03.01.11,,"IC-SQ-07 to IC-SQ-08 
•  Est. pipe length: 7M",,Lot,1,, -   ,100%, -   , -   , 610.00 , 610.00 ,," 2,100.00 "," 2,100.00 ",, 240.00 , 240.00 ,, 770.00 , 770.00 , IC-SQ-08 to IC-SQ-07 ,, -   ,, 280.00 , 280.00 ,
,,,,,,,,,,,,,,,,,,,,,,,,,,,,
03.01.12,,"2 nos gully trap to IC-SQ-08  
•  Est. pipe length: 4M",,Lot,1,, -   ,100%, -   , -   , 250.00 , 250.00 ,, 840.00 , 840.00 ,, 150.00 , 150.00 ,, 320.00 , 320.00 ,,, -   ,, 160.00 , 160.00 ,
,,,,,,,,,,,,,,,,,,,,,,,,,,,,
03.01.13,,"IC-SQ-08 to IC-SQ-09 
•  Est. pipe length: 37M",,Lot,1,, -   ,100%, -   , -   ," 3,060.00 "," 3,060.00 ",," 11,100.00 "," 11,100.00 ",," 1,250.00 "," 1,250.00 ",,, -   , N/A ,, -   ,," 1,480.00 "," 1,480.00 ",
,,,,,,,,,,,,,,,,,,,,,,,,,,,,
03.01.14,,"IC-SQ-09 to IC-SQ-10 
•  Est. pipe length: 35M",,Lot,1,, -   ,100%, -   , -   ," 2,900.00 "," 2,900.00 ",," 10,500.00 "," 10,500.00 ",," 1,170.00 "," 1,170.00 ",," 4,550.00 "," 4,550.00 ", IC-SQ-10 to IC-SQ-09 ,, -   ,," 1,400.00 "," 1,400.00 ",
,,,,,,,,,,,,,,,,,,,,,,,,,,,,
03.01.15,,"IC-SQ-10 to IC-SQ-11 
•  Est. pipe length: 43M",,Lot,1,, -   ,100%, -   , -   ," 3,540.00 "," 3,540.00 ",," 12,900.00 "," 12,900.00 ",," 1,450.00 "," 1,450.00 ",," 3,900.00 "," 3,900.00 ", IC-SQ-11 to IC-SQ-10 ,, -   ,," 1,720.00 "," 1,720.00 ",
,,,,,,,,,,,,,,,,,,,,,,,,,,,,
03.01.16,,"2 nos gully trap to IC-SQ-11  
•  Est. pipe length: 0.2M",,Lot,1,, -   ,100%, -   , -   , 100.00 , 100.00 ,, 42.00 , 42.00 ,, 20.00 , 20.00 ,, 65.00 , 65.00 , IC-SQ-10 ,, -   ,, 8.00 , 8.00 ,
,,,,,,,,,,,,,,,,,,,,,,,,,,,,
03.01.17,,"IC-SQ-11 to IC-SQ-12 
•  Est. pipe length: 30",,Lot,1,, -   ,100%, -   , -   ," 2,500.00 "," 2,500.00 ",," 9,000.00 "," 9,000.00 ",," 1,000.00 "," 1,000.00 ",," 3,900.00 "," 3,900.00 ", IC-SQ-12 to IC-SQ-11 ,, -   ,," 1,200.00 "," 1,200.00 ",
,,,,,,,,,,,,,,,,,,,,,,,,,,,,
03.01.18,,"IC-SQ-12 to IC-SQ-13 
•  Est. pipe length: 30",,Lot,1,, -   ,100%, -   , -   ," 2,500.00 "," 2,500.00 ",," 9,000.00 "," 9,000.00 ",," 3,350.00 "," 3,350.00 ",,, -   , N/A ,, -   ,," 1,200.00 "," 1,200.00 ",
,,,,,,,,,,,,,,,,,,,,,,,,,,,,
03.01.19,,"2 nos gully trap to IC-SQ-13 
•  Est. pipe length: 0.2M",,Lot,1,, -   ,100%, -   , -   , 100.00 , 100.00 ,, 42.00 , 42.00 ,, 20.00 , 20.00 ,, 65.00 , 65.00 , IC-SQ-10 ,, -   ,, 8.00 , 8.00 ,
,,,,,,,,,,,,,,,,,,,,,,,,,,,,
03.02.00,,"UNDERGROUND PIPEWORK

TO INSTALL UPVC brown pipe for connection from gully trap to inspection chamber, inspection chamber to inspection chamber complete with excavation, backfiling with sand, compaction, thrust blocks, supports, fittings and all necessary accessories and work as shown in tender drawing. All pipe work to be laid below ground beam (estimated beam depth is 800mm from FFL).",,,,,,,,,,,,,,,,,,,,,,,,,,
,,,,,,,,,,,,,,,,,,,,,,,,,,,,
03.02.01,,"IC-SQ-01  to IC-SQ-02
•  Est. pipe length: 25M",,Lot,1,, -   ,100%, -   , -   ," 5,100.00 "," 5,100.00 ",," 5,000.00 "," 5,000.00 ",," 2,100.00 "," 2,100.00 ",,, -   , INCLUDED ,, -   ,," 3,750.00 "," 3,750.00 ",
,,,,,,,,,,,,,,,,,,,,,,,,,,,,
03.02.02,,"2 nos gully trap to IC-SQ-01 
•  Est. pipe length: 4M",,Lot,1,, -   ,100%, -   , -   , 850.00 , 850.00 ,, 560.00 , 560.00 ,, 400.00 , 400.00 ,,, -   , INCLUDED ,, -   ,, 600.00 , 600.00 ,
,,,,,,,,,,,,,,,,,,,,,,,,,,,,
03.02.03,,"IC-SQ-02 to IC-SQ-03
•  Est. pipe length: 34M",,Lot,1,, -   ,100%, -   , -   ," 8,300.00 "," 8,300.00 ",," 6,800.00 "," 6,800.00 ",," 2,700.00 "," 2,700.00 ",,, -   , INCLUDED ,, -   ,," 5,100.00 "," 5,100.00 ",
,,,,,,,,,,,,,,,,,,,,,,,,,,,,
03.02.04,,"IC-SQ-03 to IC-SQ-04
•  Est. pipe length: 39M",,Lot,1,, -   ,100%, -   , -   ," 7,900.00 "," 7,900.00 ",," 7,800.00 "," 7,800.00 ",," 3,100.00 "," 3,100.00 ",,, -   , BY SEWERAGE ,, -   ,," 5,850.00 "," 5,850.00 ",
,,,,,,,,,,,,,,,,,,,,,,,,,,,,
03.02.05,,"2 no gully trap to IC-SQ-04
•  Est. pipe length: 12M",,Lot,1,, -   ,100%, -   , -   ," 2,500.00 "," 2,500.00 ",," 1,680.00 "," 1,680.00 ",, 950.00 , 950.00 ,,, -   , INCLUDED ,, -   ,," 1,800.00 "," 1,800.00 ",
,,,,,,,,,,,,,,,,,,,,,,,,,,,,
03.02.06,,"IC-SQ-04 to IC-SQ-05  
•  Est. pipe length: 7M",,Lot,1,, -   ,100%, -   , -   ," 1,500.00 "," 1,500.00 ",," 1,400.00 "," 1,400.00 ",, 600.00 , 600.00 ,,, -   ," INCLUDED,
IC-SQ-05 to IC-SQ-04 ",, -   ,," 1,050.00 "," 1,050.00 ",
,,,,,,,,,,,,,,,,,,,,,,,,,,,,
03.02.07,,"IC-SQ-05 to IC-SQ-06 
•  Est. pipe length: 39M",,Lot,1,, -   ,100%, -   , -   ," 7,900.00 "," 7,900.00 ",," 7,800.00 "," 7,800.00 ",," 3,100.00 "," 3,100.00 ",,, -   , N/A ,, -   ,," 5,850.00 "," 5,850.00 ",
,,,,,,,,,,,,,,,,,,,,,,,,,,,,
03.02.08,,"1 no gully trap to IC-SQ-06
•  Est. pipe length: 6M",,Lot,1,, -   ,100%, -   , -   ," 1,300.00 "," 1,300.00 ",, 840.00 , 840.00 ,, 500.00 , 500.00 ,,, -   , INCLUDED ,, -   ,, 900.00 , 900.00 ,
,,,,,,,,,,,,,,,,,,,,,,,,,,,,
03.02.09,,"IC-SQ-06 to IC-SQ-07 
•  Est. pipe length: 3M",,Lot,1,, -   ,100%, -   , -   , 680.00 , 680.00 ,, 600.00 , 600.00 ,, 300.00 , 300.00 ,,, -   , INCLUDED ,, -   ,, 450.00 , 450.00 ,
,,,,,,,,,,,,,,,,,,,,,,,,,,,,
03.02.10,,"2 nos gully trap to IC-SQ-07  
•  Est. pipe length: 3.6M",,Lot,1,, -   ,100%, -   , -   , 770.00 , 770.00 ,, 504.00 , 504.00 ,, 330.00 , 330.00 ,,, -   , INCLUDED ,, -   ,, 540.00 , 540.00 ,
,,,,,,,,,,,,,,,,,,,,,,,,,,,,
03.02.11,,"IC-SQ-07 to IC-SQ-08 
•  Est. pipe length: 7M",,Lot,1,, -   ,100%, -   , -   ," 1,570.00 "," 1,570.00 ",," 1,400.00 "," 1,400.00 ",, 600.00 , 600.00 ,,, -   , INCLUDED ,, -   ,," 1,050.00 "," 1,050.00 ",
,,,,,,,,,,,,,,,,,,,,,,,,,,,,
03.02.12,,"2 nos gully trap to IC-SQ-08  
•  Est. pipe length: 4M",,Lot,1,, -   ,100%, -   , -   , 850.00 , 850.00 ,, 560.00 , 560.00 ,, 400.00 , 400.00 ,,, -   , INCLUDED ,, -   ,, 600.00 , 600.00 ,
,,,,,,,,,,,,,,,,,,,,,,,,,,,,
03.02.13,,"IC-SQ-08 to IC-SQ-09 
•  Est. pipe length: 37M",,Lot,1,, -   ,100%, -   , -   ," 7,870.00 "," 7,870.00 ",," 7,400.00 "," 7,400.00 ",," 3,000.00 "," 3,000.00 ",,, -   , N/A ,, -   ,," 5,550.00 "," 5,550.00 ",
,,,,,,,,,,,,,,,,,,,,,,,,,,,,
03.02.14,,"IC-SQ-09 to IC-SQ-10 
•  Est. pipe length: 35M",,Lot,1,, -   ,100%, -   , -   ," 7,870.00 "," 7,870.00 ",," 7,000.00 "," 7,000.00 ",," 2,800.00 "," 2,800.00 ",,, -   , INCLUDED ,, -   ,," 5,250.00 "," 5,250.00 ",
,,,,,,,,,,,,,,,,,,,,,,,,,,,,
03.02.15,,"IC-SQ-10 to IC-SQ-11 
•  Est. pipe length: 43M",,Lot,1,, -   ,100%, -   , -   ," 9,990.00 "," 9,990.00 ",," 8,600.00 "," 8,600.00 ",," 3,400.00 "," 3,400.00 ",,, -   , INCLUDED ,, -   ,," 6,450.00 "," 6,450.00 ",
,,,,,,,,,,,,,,,,,,,,,,,,,,,,
03.02.16,,"2 nos gully trap to IC-SQ-11  
•  Est. pipe length: 0.2M",,Lot,1,, -   ,100%, -   , -   , 150.00 , 150.00 ,, 28.00 , 28.00 ,, 50.00 , 50.00 ,,, -   , INCLUDED ,, -   ,, 30.00 , 30.00 ,
,,,,,,,,,,,,,,,,,,,,,,,,,,,,
03.02.17,,"IC-SQ-11 to IC-SQ-12 
•  Est. pipe length: 30",,Lot,1,, -   ,100%, -   , -   ," 14,500.00 "," 14,500.00 ",," 6,000.00 "," 6,000.00 ",," 2,400.00 "," 2,400.00 ",,, -   , INCLUDED ,, -   ,," 4,500.00 "," 4,500.00 ",
,,,,,,,,,,,,,,,,,,,,,,,,,,,,
03.02.18,,"IC-SQ-12 to IC-SQ-13 
•  Est. pipe length: 30 (MULTIAMPLE)",,Lot,1,,,,,,,,," 6,000.00 "," 6,000.00 ",,,,,,,,,,,,,
,,,,,,,,,,,,,,,,,,,,,,,,,,,,
03.02.19,,"2 nos gully trap to IC-SQ-13 
•  Est. pipe length: 0.2M",,Lot,1,, -   ,100%, -   , -   , 150.00 , 150.00 ,, 28.00 , 28.00 ,, 50.00 , 50.00 ,,, -   , INCLUDED ,, -   ,, 30.00 , 30.00 ,
,,,,,,,,,,,,,,,,,,,,,,,,,,,,
03.03.00,,"TO SUPPLY AND INSTALL brick type inspection chamber c/w excavation, backfilling, cement, MEDIUM/HEAVY duty manhole cover, supports, fittings and all necessary accessories.",,,,,,,,,,,,,,,,,,,,,,,,,,
,,,,,,,,,,,,,,,,,,,,,,,,,,,,
03.03.01,,IC-SQ-01   (D = 0.55m),,Lot,1,, -   ,100%, -   , -   ," 6,800.00 "," 6,800.00 ",," 2,100.00 "," 2,100.00 ", D = 0.60m , 800.00 , 800.00 ,," 1,545.00 "," 1,545.00 ",,, -   ,," 1,625.00 "," 1,625.00 ",
03.03.02,,IC-SQ-02   (D = 0.72m),,Lot,1,, -   ,100%, -   , -   ," 6,800.00 "," 6,800.00 ",," 2,695.00 "," 2,695.00 ", D = 0.77m , 900.00 , 900.00 ,," 1,655.00 "," 1,655.00 ",,, -   ,," 1,880.00 "," 1,880.00 ",
03.03.03,,IC-SQ-03  (D = 0.99m),,Lot,1,, -   ,100%, -   , -   ," 6,800.00 "," 6,800.00 ",," 3,640.00 "," 3,640.00 ", D = 1.04m ," 1,000.00 "," 1,000.00 ",," 1,830.00 "," 1,830.00 ",,, -   ,," 2,285.00 "," 2,285.00 ",
03.03.04,,IC-SQ-04   (D = 1.25m),,Lot,1,, -   ,100%, -   , -   ," 6,900.00 "," 6,900.00 ",," 2,275.00 "," 2,275.00 ", D = 0.65m ," 1,300.00 "," 1,300.00 ",," 1,575.00 "," 1,575.00 ",,, -   ,," 2,675.00 "," 2,675.00 ",
03.03.05,,IC-SQ-05   (D = 1.30m),,Lot,1,, -   ,100%, -   , -   ," 6,900.00 "," 6,900.00 ",," 2,100.00 "," 2,100.00 ", D = 0.60m ," 1,450.00 "," 1,450.00 ",," 1,545.00 "," 1,545.00 ",,, -   ,," 2,750.00 "," 2,750.00 ",
03.03.06,,IC-SQ-06   (D = 1.56m),,Lot,1,, -   ,100%, -   , -   ," 7,200.00 "," 7,200.00 ",," 2,380.00 "," 2,380.00 ", D = 0.68m ," 1,700.00 "," 1,700.00 ",," 1,595.00 "," 1,595.00 ",,, -   ,," 3,140.00 "," 3,140.00 ",
03.03.07,,IC-SQ-07   (D = 1.58m),,Lot,1,, -   ,100%, -   , -   ," 7,200.00 "," 7,200.00 ",," 2,275.00 "," 2,275.00 ", D = 0.65m ," 1,700.00 "," 1,700.00 ",," 1,575.00 "," 1,575.00 ",,, -   ,," 3,170.00 "," 3,170.00 ",
03.03.08,,IC-SQ-08   (D = 1.63m),,Lot,1,, -   ,100%, -   , -   ," 7,300.00 "," 7,300.00 ",," 2,100.00 "," 2,100.00 ", D = 0.60m ," 1,800.00 "," 1,800.00 ",," 1,545.00 "," 1,545.00 ",,, -   ,," 3,245.00 "," 3,245.00 ",
03.03.09,,IC-SQ-09   (D = 1.87m),,Lot,1,, -   ,100%, -   , -   ," 7,500.00 "," 7,500.00 ",," 4,550.00 "," 4,550.00 ", D = 1.30m ," 2,000.00 "," 2,000.00 ",," 2,000.00 "," 2,000.00 ",,, -   ,," 3,605.00 "," 3,605.00 ",
03.03.10,,IC-SQ-10   (D = 2.11m),,Lot,1,, -   ,100%, -   , -   ," 7,600.00 "," 7,600.00 ",," 3,500.00 "," 3,500.00 ", D = 1.00m ," 2,200.00 "," 2,200.00 ",," 1,805.00 "," 1,805.00 ",,, -   ,," 3,965.00 "," 3,965.00 ",
03.03.11,,IC-SQ-11   (D = 2.39m),,Lot,1,, -   ,100%, -   , -   ," 7,700.00 "," 7,700.00 ",," 2,800.00 "," 2,800.00 ", D = 0.80m ," 2,500.00 "," 2,500.00 ",," 1,675.00 "," 1,675.00 ",,, -   ,," 4,385.00 "," 4,385.00 ",
03.03.12,,IC-SQ-12   (D = 0.6m),,Lot,1,, -   ,100%, -   , -   ," 6,800.00 "," 6,800.00 ",," 2,100.00 "," 2,100.00 ",, 800.00 , 800.00 ,," 1,545.00 "," 1,545.00 ",,, -   ,," 1,700.00 "," 1,700.00 ",
,,,,,,,,,,,,,,,,,,,,,,,,,,,,
03.04.00,,"UNDERGROUND PIPEWORK

TO SUPPLY AND DELIVER VCP pipe for connection from inspection chamber to external sewerage manhole (MH) complete with excavation, backfiling with sand, compaction, thrust blocks, supports, fittings and all necessary accessories and work as shown in tender drawing. ",,,,,,,,,,,,,,,,,,,,,,,,,,
,,,,,,,,,,,,,,,,,,,,,,,,,,,,
03.04.01,,"IC-SQ-11 to MH  
•  Est. pipe length: 8M",,Lot,1,, -   ,100%, -   , -   , TBA , TBA ,," 2,400.00 "," 2,400.00 ",, 700.00 , 700.00 ,,, -   , N/A ,, -   ,," 2,000.00 "," 2,000.00 ",
,,,,,,,,,,,,,,,,,,,,,,,,,,,,
03.04.02,,"IC-SQ-12 to MH  
•  Est. pipe length: 8M",,Lot,1,, -   ,100%, -   , -   , TBA , TBA ,," 2,400.00 "," 2,400.00 ",, 700.00 , 700.00 ,,, -   , N/A ,, -   ,," 2,000.00 "," 2,000.00 ",
,,,,,,,,,,,,,,,,,,,,,,,,,,,,
03.05.00,,"UNDERGROUND PIPEWORK

TO INSTALL VCP pipe for connection from inspection chamber to external manhole complete with excavation, backfiling with sand, compaction, thrust blocks, supports, fittings and all necessary accessories and work as shown in tender drawing. ",,,,,,,,,,,,,,,,,,,,,,,,,,
,,,,,,,,,,,,,,,,,,,,,,,,,,,,
03.05.01,,"IC-SQ-11 to MH  
•  Est. pipe length: 8M",,Lot,1,, -   ,100%, -   , -   , TBA , TBA ,," 1,600.00 "," 1,600.00 ",, 700.00 , 700.00 ,,, -   , N/A ,, -   ,," 2,000.00 "," 2,000.00 ",
,,,,,,,,,,,,,,,,,,,,,,,,,,,,
03.05.02,,"IC-SQ-12 to MH  
•  Est. pipe length: 8M",,Lot,1,, -   ,100%, -   , -   , TBA , TBA ,," 1,600.00 "," 1,600.00 ",, 700.00 , 700.00 ,,, -   , N/A ,, -   ,," 2,000.00 "," 2,000.00 ",
,,,,,,,,,,,,,,,,,,,,,,,,,,,,
03.06.00,,"UNDERGROUND PIPEWORK

TO SUPPLY AND INSTALL gully trap c/w brick chamber, all necessary fittings, and accessories at ground floor as shown in tender drawing.",,,,,,,,,,,,,,,,,,,,,,,,,,
,,,,,,,,,,,,,,,,,,,,,,,,,,,,
03.06.01,,"• Detail A
Driver toilets 
• 2 nos gully trap",,Lot,1,, -   ,100%, -   , -   ," 1,060.00 "," 1,060.00 ",," 1,500.00 "," 1,500.00 ",, 300.00 , 300.00 ,," 1,300.00 "," 1,300.00 ",,, -   ,, 600.00 , 600.00 ,
,,,,,,,,,,,,,,,,,,,,,,,,,,,,
03.06.02,,"• Detail B
Driver toilets
• 2 no gully trap",,Lot,1,, -   ,100%, -   , -   ," 1,060.00 "," 1,060.00 ",," 1,500.00 "," 1,500.00 ",, 300.00 , 300.00 ,," 1,300.00 "," 1,300.00 ",,, -   ,, 600.00 , 600.00 ,
,,,,,,,,,,,,,,,,,,,,,,,,,,,,
03.06.03,,"• Detail C
Male & Female toilets, handicapped toilet, janitor 
• 3 nos gully trap",,Lot,1,, -   ,100%, -   , -   ," 1,540.00 "," 1,540.00 ",," 2,250.00 "," 2,250.00 ",, 450.00 , 450.00 ,," 1,950.00 "," 1,950.00 ",,, -   ,, 900.00 , 900.00 ,
,,,,,,,,,,,,,,,,,,,,,,,,,,,,
03.06.03,,"• Detail D
Kitchen & Canteen 
• 2 nos gully trap",,Lot,1,, -   ,100%, -   , -   ," 1,060.00 "," 1,060.00 ",," 1,500.00 "," 1,500.00 ",, 300.00 , 300.00 ,," 1,300.00 "," 1,300.00 ",,, -   ,, 600.00 , 600.00 ,
,,,,,,,,,,,,,,,,,,,,,,,,,,,,
03.06.03,,"• Detail E
Typical Guardhouse toilet 
• 1 nos gully trap",,Lot,2,, -   ,100%, -   , -   , 580.00 ," 1,160.00 ",, 750.00 ," 1,500.00 ",, 150.00 , 300.00 ,, 650.00 ," 1,300.00 ",,, -   ,, 300.00 , 600.00 ,
,,,,,,,,,,,,,,,,,,,,,,,,,,,,
03.07.00,,"TO SUPPLY AND DELIVER grease interceptor as shown in Detail D c/w connection to sink and all necessary accessories..
•  Capacity: 15 IGPM.",,Lot,2,, -   ,100%, -   , -   ," 3,500.00 "," 7,000.00 ",," 6,200.00 "," 12,400.00 ",," 3,500.00 "," 7,000.00 ",,, -   ,,, -   ,," 2,980.00 "," 5,960.00 ",
,,,,,,,,,,,,,,,,,,,,,,,,,,,,
03.08.00,,"TO INSTALL grease interceptor as shown in Detail D c/w connection to sink and all necessary accessories..
•  Capacity: 15 IGPM.",,Lot,2,, -   ,100%, -   , -   , 580.00 ," 1,160.00 ",," 1,240.00 "," 2,480.00 ",, 500.00 ," 1,000.00 ",," 5,575.00 "," 11,150.00 ",,, -   ,, 900.00 ," 1,800.00 ",
,,,,,,,,,,,,,,,,,,,,,,,,,,,,
03.09.00,,"UNDERGROUND PIPEWORK

TO SUPPLY AND DELIVER complete underground pipework of UPVC brown soil and waste water pipe including underground pipe from soil stack at above floor (if any) to inspection chambers and gully traps  complying to specifications and drawings c/w all necessary accessories.",,,,,,,,,,,,,,,,,,,,,,,,,,
,,,,,,,,,,,,,,,,,,,,,,,,,,,,
,,GROUND FLOOR,,,,,,,,,,,,,,,,,,,,,,,,,,
03.09.01,,"• Detail A
Toilet 1 ~ Ground Floor 
Male and female toilets.",,Lot,1,, -   ,100%, -   , -   ," 1,600.00 "," 1,600.00 ",," 2,340.00 "," 2,340.00 ",," 1,200.00 "," 1,200.00 ",," 1,400.00 "," 1,400.00 ",,, -   ,," 3,000.00 "," 3,000.00 ",
,,,,,,,,,,,,,,,,,,,,,,,,,,,,
03.09.02,,"• DetaiL B
Toilet 2 ~ Ground Floor 
Male and female toilets.",,Lot,1,, -   ,100%, -   , -   ," 2,100.00 "," 2,100.00 ",," 3,120.00 "," 3,120.00 ",," 1,450.00 "," 1,450.00 ",," 2,190.00 "," 2,190.00 ",,, -   ,," 5,000.00 "," 5,000.00 ",
,,,,,,,,,,,,,,,,,,,,,,,,,,,,
03.09.03,,"• Pump Room
CW suction pump & fire fighting pump room - Ground Floor",,Lot,1,, -   ,100%, -   , -   ," 1,100.00 "," 1,100.00 ",," 2,730.00 "," 2,730.00 ",, 550.00 , 550.00 ,," 1,465.00 "," 1,465.00 ",,, -   ,," 5,000.00 "," 5,000.00 ",
,,,,,,,,,,,,,,,,,,,,,,,,,,,,
03.09.04,,"• Detail C
Toilet 3 ~ Ground Floor 
Male and female toilets, handicapped toilet & janitor.",,Lot,1,, -   ,100%, -   , -   ," 5,000.00 "," 5,000.00 ",," 10,530.00 "," 10,530.00 ",," 3,150.00 "," 3,150.00 ",," 4,635.00 "," 4,635.00 ",,, -   ,," 13,000.00 "," 13,000.00 ",
,,,,,,,,,,,,,,,,,,,,,,,,,,,,
03.09.05,,"• Detail D
Kitchen & Canteen ~ Ground Floor",,Lot,1,, -   ,100%, -   , -   ," 1,200.00 "," 1,200.00 ",, 780.00 , 780.00 ,," 1,500.00 "," 1,500.00 ",," 1,870.00 "," 1,870.00 ",,, -   ,," 1,100.00 "," 1,100.00 ",
,,,,,,,,,,,,,,,,,,,,,,,,,,,,
03.09.06,,"• Detail E
Guardhouse Toilet 1 & 2 ~ Ground Floor",,Lot,1,, -   ,100%, -   , -   ," 1,400.00 "," 1,400.00 ",," 4,680.00 "," 4,680.00 ",, 500.00 , 500.00 ,," 1,000.00 "," 1,000.00 ",,, -   ,," 1,500.00 "," 1,500.00 ",
,,,,,,,,,,,,,,,,,,,,,,,,,,,,
03.09.07,,"• Detail F
Toilet 4, external access toilets & janitor ~ Ground  Mezzanine",,Lot,1,, -   ,100%, -   , -   ," 3,600.00 "," 3,600.00 ",," 12,870.00 "," 12,870.00 ",," 2,900.00 "," 2,900.00 ",," 3,650.00 "," 3,650.00 ",,, -   ,," 10,540.00 "," 10,540.00 ",
,,,,,,,,,,,,,,,,,,,,,,,,,,,,
03.09.08,,"• Detail G
Toilet 5 & 6 and Changing Room 1 & 2 ~ Ground  Mezzanine",,Lot,1,, -   ,100%, -   , -   ," 3,600.00 "," 3,600.00 ",," 12,480.00 "," 12,480.00 ",," 1,450.00 "," 1,450.00 ",," 3,600.00 "," 3,600.00 ",,, -   ,," 6,000.00 "," 6,000.00 ",
,,,,,,,,,,,,,,,,,,,,,,,,,,,,
03.09.09,,"• Detail H
Toilet 7 ~ Ground Mezzanine 
Male and female toilets",,Lot,1,, -   ,100%, -   , -   ," 3,500.00 "," 3,500.00 ",," 8,580.00 "," 8,580.00 ",," 2,200.00 "," 2,200.00 ",," 2,900.00 "," 2,900.00 ",,, -   ,," 11,000.00 "," 11,000.00 ",
,,,,,,,,,,,,,,,,,,,,,,,,,,,,
03.10.00,,"UNDERGROUND PIPEWORK
 
TO INSTALL complete underground pipework of UPVC brown soil and waste water pipe including underground pipe from soil stack at above floor (if any) to inspection chambers and gully traps  complying to specifications and drawings c/w all necessary accessories.",,,,,,,,,,,,,,,,,,,,,,,,,,
,,,,,,,,,,,,,,,,,,,,,,,,,,,,
,,GROUND FLOOR,,,,,,,,,,,,,,,,,,,,,,,,,,
03.10.01,,"• Detail A
Toilet 1 ~ Ground Floor 
Male and female toilets.",,Lot,1,, -   ,100%, -   , -   ," 2,900.00 "," 2,900.00 ",," 1,560.00 "," 1,560.00 ",," 2,800.00 "," 2,800.00 ",,, -   , INCLUDED ,, -   ,," 3,000.00 "," 3,000.00 ",
,,,,,,,,,,,,,,,,,,,,,,,,,,,,
03.10.02,,"• DetaiL B
Toilet 2 ~ Ground Floor 
Male and female toilets.",,Lot,1,, -   ,100%, -   , -   ," 3,800.00 "," 3,800.00 ",," 2,080.00 "," 2,080.00 ",," 3,400.00 "," 3,400.00 ",,, -   , INCLUDED ,, -   ,," 5,000.00 "," 5,000.00 ",
,,,,,,,,,,,,,,,,,,,,,,,,,,,,
03.10.03,,"• Pump Room
CW suction pump & fire fighting pump room - Ground Floor",,Lot,1,, -   ,100%, -   , -   ," 1,900.00 "," 1,900.00 ",," 1,820.00 "," 1,820.00 ",," 1,700.00 "," 1,700.00 ",,, -   , INCLUDED ,, -   ,," 5,000.00 "," 5,000.00 ",
,,,,,,,,,,,,,,,,,,,,,,,,,,,,
03.10.04,,"• Detail C
Toilet 3 ~ Ground Floor 
Male and female toilets, handicapped toilet & janitor.",,Lot,1,, -   ,100%, -   , -   ," 9,100.00 "," 9,100.00 ",," 7,020.00 "," 7,020.00 ",," 7,400.00 "," 7,400.00 ",,, -   , INCLUDED ,, -   ,," 13,000.00 "," 13,000.00 ",
,,,,,,,,,,,,,,,,,,,,,,,,,,,,
03.10.05,,"• Detail D
Kitchen & Canteen ~ Ground Floor",,Lot,1,, -   ,100%, -   , -   ," 3,200.00 "," 3,200.00 ",, 520.00 , 520.00 ,," 3,500.00 "," 3,500.00 ",,, -   , INCLUDED ,, -   ,," 1,100.00 "," 1,100.00 ",
,,,,,,,,,,,,,,,,,,,,,,,,,,,,
03.10.06,,"• Detail E
Guardhouse Toilet 1 & 2 ~ Ground Floor",,Lot,1,, -   ,100%, -   , -   ," 2,400.00 "," 2,400.00 ",," 3,120.00 "," 3,120.00 ",," 1,150.00 "," 1,150.00 ",,, -   , INCLUDED ,, -   ,," 1,500.00 "," 1,500.00 ",
,,,,,,,,,,,,,,,,,,,,,,,,,,,,
03.10.07,,"• Detail F
Toilet 4, external access toilets & janitor ~ Ground  Mezzanine",,Lot,1,, -   ,100%, -   , -   ," 6,600.00 "," 6,600.00 ",," 8,580.00 "," 8,580.00 ",," 6,800.00 "," 6,800.00 ",,, -   , INCLUDED ,, -   ,," 10,540.00 "," 10,540.00 ",
,,,,,,,,,,,,,,,,,,,,,,,,,,,,
03.10.08,,"• Detail G
Toilet 5 & 6 and Changing Room 1 & 2 ~ Ground  Mezzanine",,Lot,1,, -   ,100%, -   , -   ," 6,500.00 "," 6,500.00 ",," 8,320.00 "," 8,320.00 ",," 3,400.00 "," 3,400.00 ",,, -   , INCLUDED ,, -   ,," 6,000.00 "," 6,000.00 ",
,,,,,,,,,,,,,,,,,,,,,,,,,,,,
03.10.09,,"• Detail H
Toilet 7 ~ Ground Mezzanine 
Male and female toilets",,Lot,1,, -   ,100%, -   , -   ," 6,300.00 "," 6,300.00 ",," 5,720.00 "," 5,720.00 ",," 5,100.00 "," 5,100.00 ",,, -   , INCLUDED ,, -   ,," 11,000.00 "," 11,000.00 ",
,,,,,,,,,,,,,,,,,,,,,,,,,,,,
03.11.00,,"INTERNAL SANITARY PLUMBING

TO SUPPLY AND DELIVER Unplasticed Polyvinyl Chloride (UPVC) soil and vent stack c/w vent cowl at roof level, all fittings, supports, brackets c/w all necessary accessories and connection to UPVC soil and vent stack at underground of ground floor.",,,,,,,,,,,,,,,,,,,,,,,,,,
,,,,,,,,,,,,,,,,,,,,,,,,,,,,
03.11.01,,Stack 1,,Lot,1,, -   ,100%, -   , -   ," 2,690.00 "," 2,690.00 ",,"7,350.00"," 7,350.00 ",," 2,000.00 "," 2,000.00 ",," 5,130.00 "," 5,130.00 ",,, -   ,, 500.00 , 500.00 ,
03.11.02,,Stack 2,,Lot,1,, -   ,100%, -   , -   ," 3,490.00 "," 3,490.00 ",,"8,400.00"," 8,400.00 ",," 2,500.00 "," 2,500.00 ",," 6,040.00 "," 6,040.00 ",,, -   ,, 500.00 , 500.00 ,
03.11.03,,Stack 3,,Lot,1,, -   ,100%, -   , -   ," 3,300.00 "," 3,300.00 ",,"8,400.00"," 8,400.00 ",," 2,750.00 "," 2,750.00 ",," 4,570.00 "," 4,570.00 ",,, -   ,, 500.00 , 500.00 ,
03.11.04,,Stack 4,,Lot,1,, -   ,100%, -   , -   ," 2,195.00 "," 2,195.00 ",,"4,200.00"," 4,200.00 ",," 2,800.00 "," 2,800.00 ",," 2,885.00 "," 2,885.00 ",,, -   ,, 500.00 , 500.00 ,
03.11.05,,Stack 5,,Lot,1,, -   ,100%, -   , -   ," 1,955.00 "," 1,955.00 ",,"4,200.00"," 4,200.00 ",," 2,000.00 "," 2,000.00 ",," 2,510.00 "," 2,510.00 ",,, -   ,, 500.00 , 500.00 ,
03.11.06,,Stack 6,,Lot,1,, -   ,100%, -   , -   ," 1,225.00 "," 1,225.00 ",,"8,400.00"," 8,400.00 ",," 3,000.00 "," 3,000.00 ",," 4,245.00 "," 4,245.00 ",,, -   ,, 500.00 , 500.00 ,
,,,,,,,,,,,,,,,,,,,,,,,,,,,,
03.12.00,,"INTERNAL SANITARY PLUMBING

TO INSTALL Unplasticed Polyvinyl Chloride (UPVC) soil and vent stack c/w vent cowl at roof level, all fittings, supports, brackets c/w all necessary accessories and connection to UPVC soil and vent stack at underground of ground floor.",,,,,,,,,,,,,,,,,,,,,,,,,,
,,,,,,,,,,,,,,,,,,,,,,,,,,,,
03.12.01,,Stack 1,,Lot,1,, -   ,100%, -   , -   ," 4,000.00 "," 4,000.00 ",,"4,900.00"," 4,900.00 ",," 3,900.00 "," 3,900.00 ",,, -   , INCLUDED ,, -   ,, 500.00 , 500.00 ,
03.12.02,,Stack 2,,Lot,1,, -   ,100%, -   , -   ," 4,200.00 "," 4,200.00 ",,"5,600.00"," 5,600.00 ",," 4,900.00 "," 4,900.00 ",,, -   , INCLUDED ,, -   ,, 500.00 , 500.00 ,
03.12.03,,Stack 3,,Lot,1,, -   ,100%, -   , -   ," 4,000.00 "," 4,000.00 ",,"5,600.00"," 5,600.00 ",," 5,300.00 "," 5,300.00 ",,, -   , INCLUDED ,, -   ,, 500.00 , 500.00 ,
03.12.04,,Stack 4,,Lot,1,, -   ,100%, -   , -   ," 3,000.00 "," 3,000.00 ",,"2,800.00"," 2,800.00 ",," 3,300.00 "," 3,300.00 ",,, -   , INCLUDED ,, -   ,, 500.00 , 500.00 ,
03.12.05,,Stack 5,,Lot,1,, -   ,100%, -   , -   ," 2,500.00 "," 2,500.00 ",,"2,800.00"," 2,800.00 ",," 3,550.00 "," 3,550.00 ",,, -   , INCLUDED ,, -   ,, 500.00 , 500.00 ,
03.12.06,,Stack 6,,Lot,1,, -   ,100%, -   , -   ," 1,600.00 "," 1,600.00 ",,"5,600.00"," 5,600.00 ",," 5,800.00 "," 5,800.00 ",,, -   , INCLUDED ,, -   ,, 500.00 , 500.00 ,
,,,,,,,,,,,,,,,,,,,,,,,,,,,,
03.13.00,,"INTERNAL SANITARY PLUMBING

TO SUPPLY AND DELIVER Unplasticed Polyvinyl Chloride (UPVC) soil and vent pipe from sanitary wares to soil and vent stack c/w all fittings, supports, brackets c/w all necessary accessories.",,,,,,,,,,,,,,,,,,,,,,,,,,
,,,,,,,,,,,,,,,,,,,,,,,,,,,,
,,FIRST FLOOR,,,,,,,,,,,,,,,,,,,,,,,,,,
03.13.01,,"• Detail B
Toilet 8 ~ First Floor 
Male and female toilets.",,Lot,1,, -   ,100%, -   , -   ," 2,100.00 "," 2,100.00 ",," 2,400.00 "," 2,400.00 ",," 1,400.00 "," 1,400.00 ",," 2,250.00 "," 2,250.00 ",,, -   ,," 5,000.00 "," 5,000.00 ",
,,,,,,,,,,,,,,,,,,,,,,,,,,,,
03.13.02,,"• DetaiL G
Toilet 9, 10 and Changing Room 3 & 4 ~ First Mezzanine ",,Lot,1,, -   ,100%, -   , -   ," 4,400.00 "," 4,400.00 ",," 9,600.00 "," 9,600.00 ",," 1,300.00 "," 1,300.00 ",," 3,600.00 "," 3,600.00 ",,, -   ,," 6,000.00 "," 6,000.00 ",
,,,,,,,,,,,,,,,,,,,,,,,,,,,,
03.13.03,,"• Detail H
Toilet 11 ~ First Mezzanine 
Male and female toilets",,Lot,1,, -   ,100%, -   , -   ," 4,100.00 "," 4,100.00 ",," 10,200.00 "," 10,200.00 ",," 2,000.00 "," 2,000.00 ",," 2,900.00 "," 2,900.00 ",,, -   ,," 11,000.00 "," 11,000.00 ",
,,,,,,,,,,,,,,,,,,,,,,,,,,,,
03.13.04,,SECOND FLOOR,,,,,,,,,,,,,,,,,,,,,,,,,,
,,"• Detail B
Toilet 12 ~ Second Floor 
Male and female toilets.",,Lot,1,, -   ,100%, -   , -   ," 2,100.00 "," 2,100.00 ",," 2,400.00 "," 2,400.00 ",," 1,400.00 "," 1,400.00 ",," 2,250.00 "," 2,250.00 ",,, -   ,," 5,000.00 "," 5,000.00 ",
03.13.05,,,,,,,,,,,,,,,,,,,,,,,,,,,,
,,"• DetaiL G
Toilet 13, 14 and Changing Room 5 & 6 ~ Second Mezzanine ",,Lot,1,, -   ,100%, -   , -   ," 4,400.00 "," 4,400.00 ",," 9,600.00 "," 9,600.00 ",," 1,300.00 "," 1,300.00 ",," 3,600.00 "," 3,600.00 ",,, -   ,," 6,000.00 "," 6,000.00 ",
03.13.06,,,,,,,,,,,,,,,,,,,,,,,,,,,,
,,"• Detail H
Toilet 15 ~ Second Mezzanine 
Male and female toilets",,Lot,1,, -   ,100%, -   , -   ," 4,100.00 "," 4,100.00 ",," 10,200.00 "," 10,200.00 ",," 2,000.00 "," 2,000.00 ",," 2,900.00 "," 2,900.00 ",,, -   ,," 11,000.00 "," 11,000.00 ",
,,,,,,,,,,,,,,,,,,,,,,,,,,,,
03.14.00,,"INTERNAL SANITARY PLUMBING

TO INSTALL Unplasticed Polyvinyl Chloride (UPVC) soil and vent pipe from sanitary wares to soil and vent stack c/w all fittings, supports, brackets c/w all necessary accessories.",,,,,,,,,,,,,,,,,,,,,,,,,,
,,,,,,,,,,,,,,,,,,,,,,,,,,,,
,,FIRST FLOOR,,,,,,,,,,,,,,,,,,,,,,,,,,
03.14.01,,"• Detail B
Toilet 8 ~ First Floor 
Male and female toilets.",,Lot,1,, -   ,100%, -   , -   ," 3,100.00 "," 3,100.00 ",," 1,600.00 "," 1,600.00 ",," 2,500.00 "," 2,500.00 ",, 400.00 , 400.00 ,,, -   ,," 5,000.00 "," 5,000.00 ",
,,,,,,,,,,,,,,,,,,,,,,,,,,,,
03.14.02,,"• DetaiL G
Toilet 9, 10 and Changing Room 3 & 4 ~ First Mezzanine ",,Lot,1,, -   ,100%, -   , -   ," 6,500.00 "," 6,500.00 ",," 6,400.00 "," 6,400.00 ",," 2,750.00 "," 2,750.00 ",,, -   , INCLUDED ,, -   ,," 6,000.00 "," 6,000.00 ",
,,,,,,,,,,,,,,,,,,,,,,,,,,,,
03.14.03,,"• Detail H
Toilet 11 ~ First Mezzanine 
Male and female toilets",,Lot,1,, -   ,100%, -   , -   ," 6,100.00 "," 6,100.00 ",," 6,800.00 "," 6,800.00 ",," 3,600.00 "," 3,600.00 ",,, -   , INCLUDED ,, -   ,," 11,000.00 "," 11,000.00 ",
,,,,,,,,,,,,,,,,,,,,,,,,,,,,
03.14.04,,SECOND FLOOR,,,,,,,,,,,,,,,,,,,,,,,,,,
,,"• Detail B
Toilet 12 ~ Second Floor 
Male and female toilets.",,Lot,1,, -   ,100%, -   , -   ," 3,100.00 "," 3,100.00 ",," 1,600.00 "," 1,600.00 ",," 2,500.00 "," 2,500.00 ",,, -   , INCLUDED ,, -   ,," 5,000.00 "," 5,000.00 ",
03.14.05,,,,,,,,,,,,,,,,,,,,,,,,,,,,
,,"• DetaiL G
Toilet 13, 14 and Changing Room 5 & 6 ~ Second Mezzanine ",,Lot,1,, -   ,100%, -   , -   ," 6,500.00 "," 6,500.00 ",," 6,400.00 "," 6,400.00 ",," 2,750.00 "," 2,750.00 ",,, -   , INCLUDED ,, -   ,," 6,000.00 "," 6,000.00 ",
03.14.06,,,,,,,,,,,,,,,,,,,,,,,,,,,,
,,"• Detail H
Toilet 15 ~ Second Mezzanine 
Male and female toilets",,Lot,1,, -   ,100%, -   , -   ," 6,100.00 "," 6,100.00 ",," 6,800.00 "," 6,800.00 ",," 3,600.00 "," 3,600.00 ",,, -   , INCLUDED ,, -   ,," 11,000.00 "," 11,000.00 ",
,,,,,,,,,,,,,,,,,,,,,,,,,,,,
03.14.07,,ROOF FLOOR,,,,,,,,,,,,,,,,,,,,,,,,,,
,,"• Pump Room
CW booster pump room - Roof Floor",,Lot,1,, -   ,100%, -   , -   , 600.00 , 600.00 ,," 1,000.00 "," 1,000.00 ",, 800.00 , 800.00 ,,, -   , INCLUDED ,, -   ,," 5,000.00 "," 5,000.00 ",
,,,,,,,,,,,,,,,,,,,,,,,,,,,,
03.15.00,,"SANITARY FITTINGS INSTALLATION

INSTALLATION work for cold water and sanitary fixtures, WC, basin, sink, bidet, shower, urinal, wares, valves, fittings, other accessories, handling works as shifting the sanitary fitting from store at ground floor to dedicated level, loading and unloading and all necessary ancillaries and accessories complying to specifications, drawings and completeness of the system.
Note: Sanitary wares, angle valves and flexible hoses are by others.",,,,,,,,,,,,,,,,,,,,,,,,,,
03.15.01,,WC,,Lot,54,, -   ,100%, -   , -   , 70.00 ," 3,780.00 ",, 150.00 ," 8,100.00 ",, 80.00 ," 4,320.00 ",, 75.00 ," 4,050.00 ",,, -   ,, 150.00 ," 8,100.00 ",
03.15.02,,Basin,,Lot,71,, -   ,100%, -   , -   , 40.00 ," 2,840.00 ",, 100.00 ," 7,100.00 ",, 80.00 ," 5,680.00 ",, 70.00 ," 4,970.00 ", Rev Qty: 53 ,, -   ,, 150.00 ," 10,650.00 ",
03.15.03,,Sink,,Lot,2,, -   ,100%, -   , -   , 40.00 , 80.00 ,, 150.00 , 300.00 ,, 80.00 , 160.00 ,, 115.00 , 230.00 ,,, -   ,, 150.00 , 300.00 ,
03.15.04,,Bidet,,Lot,98,, -   ,100%, -   , -   , 15.00 ," 1,470.00 ",, 30.00 ," 2,940.00 ",, 30.00 ," 2,940.00 ",,, -   , N/A ,, -   ,, 20.00 ," 1,960.00 ",
03.15.06,,Urinal,,Lot,28,, -   ,100%, -   , -   , 40.00 ," 1,120.00 ",, 150.00 ," 4,200.00 ",, 80.00 ," 2,240.00 ",, 70.00 ," 1,960.00 ", Rev Qty: 27 ,, -   ,, 150.00 ," 4,200.00 ",
03.15.07,,Floor Trap,,Lot,75,, -   ,100%, -   , -   , 15.00 ," 1,125.00 ",, 50.00 ," 3,750.00 ",, 10.00 , 750.00 ,, 20.00 ," 1,500.00 ",,, -   ,, 20.00 ," 1,500.00 ",
03.15.08,,Bib Tap,,Lot,35,, -   ,100%, -   , -   , 15.00 , 525.00 ,, 30.00 ," 1,050.00 ",, 15.00 , 525.00 ,, 15.00 , 525.00 , Rev Qty: 48 ,, -   ,, 20.00 , 700.00 ,
,,,,,,,,,,,,,,,,,,,,,,,,,,,,
03.16.00,,"TESTING, COMMISSIONING AND ACCEPTANCE",,,,,,,,,,,,,,,,,,,,,,,,,,
,,,,,,,,,,,,,,,,,,,,,,,,,,,,
03.16.01,,"The contractor are to assure that all systems and components of a services are installed, tested, operated, and maintained according to the operational requirements of the contract.",,Lot,1," 3,000.00 "," 3,000.00 ",100%," 3,000.00 "," 3,000.00 "," 3,000.00 "," 3,000.00 ",,, -   , INCLUDED ," 5,000.00 "," 5,000.00 ",,, -   ,,, -   ,," 16,000.00 "," 16,000.00 ",
,,,,,,,,,,,,,,,,,,,,,,,,,,,,
,,,,,,,,,,,,,,,,,,,,,,,,,,,,
,,,,,,,,,,,,,,,,,,,,,,,,,,,,
,,Total 03.00.00 To Be Carried Forward To Summary of Tender Prices,,,,," 3,000.00 ",,," 3,000.00 ",," 376,245.00 ",,," 506,185.00 ",,," 213,400.00 ",,," 141,363.00 ",,, -   ,,," 371,885.00 ",
,,GRAND TOTAL FOR CWSP (RM),,,,," 3,000.00 ",,," 3,000.00 ",," 2,348,100.00 ",,," 1,773,665.00 ",,," 1,462,550.00 ",,," 1,842,098.00 ",,, -   ,,," 2,946,475.00 ",
