ALP2 - EARTHING & LIGHTNING PROTECTION SERVICES (ELPS),,,,,,,,,,,,,,,,,,,,,,,,,
,,,,,,,,,,,1,,,1,,,2,,,3,,,4,,
,,,,,,BASE COST,,100%,SUBMISSION,, DELTRIC ,,, DELTRIC R1 ,,, PEKAT ,,, ENPRO ,,, TOKAI ,,
ITEM,,DESCRIPTION, U/R ,UNIT,QTY, RATE , AMOUNT ,, RATE , AMOUNT , RATE , AMOUNT , REMARK , RATE , AMOUNT , REMARK , RATE , AMOUNT , REMARK , RATE , AMOUNT , REMARK , RATE , AMOUNT , REMARK 
01.00.00,,PRELIMINARIES AND GENERAL CONDITIONS,,,,,,,,,,,,,,,,,,,,,,,
,,,,,,,,,,,,,,,,,,,,,,,,,
01.01.00,,"Compliance to the conditions of contract, main contract document, tender specification etc.",,Lot,1," 3,000.00 "," 3,000.00 ",100%," 3,000.00 "," 3,000.00 ",, By Client ,,, By Client ,,, Comply ,," 15,000.00 "," 15,000.00 ",," 42,000.00 "," 42,000.00 ",
,,,,,,,,,,,,,,,,,,,,,,,,,
01.02.00,,"Submission to all authorities, obtaining approval from the authorities for the drawings, installations and compliance with all authorities requirements.",,Lot,1," 1,000.00 "," 1,000.00 ",100%," 1,000.00 "," 1,000.00 ",, By Client ,,, By Client ,,," 1,250.00 ",," 1,500.00 "," 1,500.00 ",,, Inclusive ,
,,,,,,,,,,,,,,,,,,,,,,,,,
01.03.00,,"Arrangements for all authority's inspections and testing, issuance of clearance letters, certificates and licenses.",,Lot,1," 1,000.00 "," 1,000.00 ",100%," 1,000.00 "," 1,000.00 ",, By Client ,,, By Client ,,, By Main Con ,," 1,500.00 "," 1,500.00 ",,, Inclusive ,
,,,,,,,,,,,,,,,,,,,,,,,,,
01.04.00,,Submission of shop drawings to consultant's approval and material sample board before commencement of work at site.,,Lot,1," 5,000.00 "," 5,000.00 ",100%," 5,000.00 "," 5,000.00 "," 5,000.00 "," 5,000.00 ",," 5,000.00 "," 5,000.00 ",,, 625.00 ,," 2,000.00 "," 2,000.00 ",," 5,000.00 "," 5,000.00 ",
,,,,,,,,,,,,,,,,,,,,,,,,,
01.05.00,,"For compliance with the requirement for as-built drawings/data, Operational and Maintenance Instruction and Manual, 5sets of hard cover bound documents of operation manuals, parts catalogues, testing results and as built drawing and two softcopys in CD form or USB thumbdrive.",,Lot,1," 4,000.00 "," 4,000.00 ",100%," 4,000.00 "," 4,000.00 "," 5,000.00 "," 5,000.00 ",," 5,000.00 "," 5,000.00 ",,, 625.00 ,," 2,000.00 "," 2,000.00 ",," 3,000.00 "," 3,000.00 ",
,,,,,,,,,,,,,,,,,,,,,,,,,
01.06.00,,"Performance Bond, Workmen compensation insurance or SOCSO.",,Lot,1," 3,000.00 "," 3,000.00 ",100%," 3,000.00 "," 3,000.00 ",, By Client ,,, By Client ,,," 2,200.00 ",," 5,000.00 "," 5,000.00 ",,, Inclusive ,
,,,,,,,,,,,,,,,,,,,,,,,,,
01.07.00,,Full time site supervisor for the duration of the project and liaison/coordination with other subcontractors.,,Lot,1," 32,000.00 "," 32,000.00 ",100%," 32,000.00 "," 32,000.00 "," 40,000.00 "," 40,000.00 ", Periodical ," 40,000.00 "," 40,000.00 ", Periodical ,," 59,000.00 ",," 20,000.00 "," 20,000.00 ",,, Inclusive ,
,,,,,,,,,,,,,,,,,,,,,,,,,
01.08.00,,Soil resistivity test c/w report and calculations comply to BS7430. (3 sets),,Lot,1," 3,000.00 "," 3,000.00 ",100%," 3,000.00 "," 3,000.00 "," 3,000.00 "," 3,000.00 ",," 3,000.00 "," 3,000.00 ",,," 6,000.00 ",," 3,000.00 "," 3,000.00 ",," 1,500.00 "," 1,500.00 ",
,,,,,,,,,,,,,,,,,,,,,,,,,
01.09.00,,Testing and commissioning inclusive earthing test c/w report and calculations comply to BS7430. (3 sets),,Lot,1," 3,000.00 "," 3,000.00 ",100%," 3,000.00 "," 3,000.00 "," 3,000.00 "," 3,000.00 ",," 3,000.00 "," 3,000.00 ",,," 2,500.00 ",," 10,000.00 "," 10,000.00 ",," 5,000.00 "," 5,000.00 ",
,,,,,,,,,,,,,,,,,,,,,,,,,
01.10.00,,"Complete labelling, painting and finishing works to architect's/consultant's requirements",,Lot,1," 1,000.00 "," 1,000.00 ",100%," 1,000.00 "," 1,000.00 ",, By Client ,,, By Client ,,, Inclusive ,," 1,000.00 "," 1,000.00 ",," 1,000.00 "," 1,000.00 ",
,,,,,,,,,,,,,,,,,,,,,,,,,
01.11.00,,Site clearing and cleanliness of site.,,Lot,1," 1,000.00 "," 1,000.00 ",100%," 1,000.00 "," 1,000.00 ",, Included ,,, Included ,,, By Main Con ,," 1,000.00 "," 1,000.00 ",, 500.00 , 500.00 ,
,,,,,,,,,,,,,,,,,,,,,,,,,
01.12.00,,Lighting risk assessment c/w report and calculations based on MS IEC 62305.,,Lot,1," 1,000.00 "," 1,000.00 ",100%," 1,000.00 "," 1,000.00 "," 2,000.00 "," 2,000.00 ",," 2,000.00 "," 2,000.00 ",,," 2,000.00 ",," 3,000.00 "," 3,000.00 ",,, Inclusive ,
,,,,,,,,,,,,,,,,,,,,,,,,,
01.13.00,,To carry out Service and Maintaining of all equipment and  system for 24 months Defects and Liability Period (DLP) after obtaining CPC from the SO. Scope of works and frequency as per specification.,,,,,,,,,,,,,,,,,,,,,,,
01.13.01,,Cost for First Year,,Lot,1," 3,000.00 "," 3,000.00 ",100%," 3,000.00 "," 3,000.00 "," 3,000.00 "," 3,000.00 ",," 3,000.00 "," 3,000.00 ",,," 4,000.00 ",," 10,000.00 "," 10,000.00 ",," 21,000.00 "," 21,000.00 ",
01.13.02,,Cost for Second Year,,Lot,1," 5,000.00 "," 5,000.00 ",100%," 5,000.00 "," 5,000.00 "," 5,000.00 "," 5,000.00 ",," 5,000.00 "," 5,000.00 ",,," 4,000.00 ",," 10,000.00 "," 10,000.00 ",," 25,200.00 "," 25,200.00 ",
,,,,,,,,,,,,,,,,,,,,,,,,,
,,Total 01.00.00 To Be Carried Forward To Summary of Tender Prices,,,,," 66,000.00 ",,," 66,000.00 ",," 66,000.00 ",,," 66,000.00 ",,," 82,200.00 ",,," 85,000.00 ",,," 104,200.00 ",
02.00.00,,LIGHTNING PROTECTION SYSTEM,,,,,,,,,,,,,,,,,,,,,,,
,,,,,,,,,,,,,,,,,,,,,,,,,
02.01.00,,Warehouse,,,,,,,,,,,,,,,,,,,,,,,
,,,,,,,,,,,,,,,,,,,,,,,,,
02.01.01,,"Supply and install Aluminium air terminal rod min diameter 1/2"" 500mm height c/w termination, mounting and all necessary accessories.",,No,50, 120.00 ," 6,000.00 ",100%, 120.00 ," 6,000.00 ", 150.00 ," 7,500.00 ",, 100.00 ," 5,000.00 ",,," 9,261.00 ", 63 nos ,  LS  ," 8,250.00 ",, 174.00 ," 8,700.00 ",
,,,,,,,,,,,,,,,,,,,,,,,,,
02.01.01,,"Supply and install Aluminium air terminal rod min diameter 1/2"" 500mm height c/w termination, mounting and all necessary accessories.",,No,20, 120.00 ," 2,400.00 ",100%, 120.00 ," 2,400.00 ", 150.00 ," 3,000.00 ",, 150.00 ," 3,000.00 ",,," 9,200.00 ", 40 nos ,  LS  ," 6,500.00 ",, 174.00 ," 3,480.00 ",
,,,,,,,,,,,,,,,,,,,,,,,,,
02.01.02,,"Supply and install 25mm x 3mm horizontal mesh Aluminium (Al) tape c/w square tape clamp, tape to tape joint, aluminium b-bond clamp, aluminium expansion flexible braid bond, stainless steel fastener clip, glue down/adhesive non-metallic dc tape clip  and all necessary accessories at Roof level for complete installation",,M,"3,100", 26.00 ," 80,600.00 ",100%, 26.00 ," 80,600.00 ", 40.00 ," 124,000.00 ",, 35.00 ," 108,500.00 ",,," 245,901.50 ", 3775 m ,  LS  ," 157,000.00 ",, 56.00 ," 173,600.00 ",
,,,,,,,,,,,,,,,,,,,,,,,,,
02.01.03,,"Supply and install 25mm x 3mm vertical down conductor Aluminium (Al) tape run in PVC conduit/trunking from roof level to bi-metallic joint at ground floor, encased in column c/w tape to tape joint and all necessary accessories.",,M,"2,880", 26.00 ," 74,880.00 ",100%, 26.00 ," 74,880.00 ", 35.00 ," 100,800.00 ",, 35.00 ," 100,800.00 ",,," 141,327.10 ",,  LS  ," 115,376.00 "," Prev. 115264.00
Rev. 12/11/2025 ", 47.00 ," 135,360.00 ",
,,,,,,,,,,,,,,,,,,,,,,,,,
02.01.04,,"Supply and install bi-metallic joint  at 1800mm FFL c/w termination, cover and all necessary accessories.",,No,52, 100.00 ," 5,200.00 ",100%, 100.00 ," 5,200.00 ", 220.00 ," 11,440.00 ",, 220.00 ," 11,440.00 ",,," 8,798.00 ", 53 nos ,  LS  ," 15,105.00 "," Prev. 14820.00
Rev. 12/11/2025 ", 299.00 ," 15,847.00 "," 53 nos
Rev. 12/11/2025 "
,,,,,,,,,,,,,,,,,,,,,,,,,
02.01.05,,Supply and install 25mm x 3mm Copper (Cu.) from bimetallic joint at ground floor to pile cap rebar c/w termination and all necessary accessories. (10m x 55 points),,M,520, 100.00 ," 52,000.00 ",100%, 100.00 ," 52,000.00 ", 85.00 ," 44,200.00 ",, 85.00 ," 44,200.00 ",,," 41,886.40 ", 557 m ,  LS  ," 39,750.00 "," Prev. 39000.00
Rev. 12/11/2025 ", 67.00 ," 34,840.00 ",
,,,,,,,,,,,,,,,,,,,,,,,,,
02.01.06,,"Supply and install earthing connection at service pilecap using exothermic joint c/w exothermic welding, copper tape in service pile, horizontal 25mm x 3mm Copper (Cu) tape (interlink earth), heavy duty type grounding chamber inc copperbond earth electrodes, couplings, clamp and all other necessary equipment to achieve system earth after interlinking of  5 ohms or below complying to BS7430  (52 nos service pilecap)",,LS,1," 96,040.00 "," 96,040.00 ",100%," 96,040.00 "," 96,040.00 "," 81,432.00 "," 81,432.00 ",," 65,800.00 "," 65,800.00 ",,," 123,057.60 ",,  LS  ," 148,045.00 "," Prev. 146255.00
Rev. 12/11/2025 "," 146,992.00 "," 146,992.00 "," Prev. 145323.00
Rev. 12/11/2025 "
,,Exothermic welding, 120.00 ,NOS,312," 37,440.00 ",,,,,,,,,,,,,,,,,,,
,,25mm x 3mm copper tape, 100.00 ,M,586," 58,600.00 ",,,,,,,,,,,,,,,,,,,
,,,,,,,,,,,,,,,,,,,,,,,,,
02.02.00,,Guardhouse 1,,,,,,,,,,,,,,,,,,,,,,,
,,,,,,,,,,,,,,,,,,,,,,,,,
02.02.01,,"Supply and install Aluminium air terminal rod min diameter 1/2"" 500mm height c/w termination, mounting and all necessary accessories.",,No,4, 120.00 , 480.00 ,100%, 120.00 , 480.00 , 150.00 , 600.00 ,, 100.00 , 400.00 ,,, N/A , not in drawing ,  LS  , 660.00 ,, 174.00 , 696.00 ,
,,,,,,,,,,,,,,,,,,,,,,,,,
02.02.02,,"Supply and install 25mm x 3mm horizontal mesh Aluminium (Al) tape c/w square tape clamp, tape to tape joint, aluminium b-bond clamp, aluminium expansion flexible braid bond, stainless steel fastener clip, glue down/adhesive non-metallic dc tape clip  and all necessary accessories at Roof level for complete installation",,M,40, 30.00 ," 1,200.00 ",100%, 30.00 ," 1,200.00 ", 40.00 ," 1,600.00 ",, 35.00 ," 1,400.00 ",,, N/A , not in drawing ,  LS  ," 4,980.00 ",, 42.00 ," 1,680.00 ",
,,,,,,,,,,,,,,,,,,,,,,,,,
02.02.03,,"Supply and install 25mm x 3mm vertical down conductor Aluminium (Al) tape run in PVC conduit/trunking from roof level to bi-metallic joint at ground floor, encased in column c/w tape to tape joint and all necessary accessories.",,M,5, 26.00 , 130.00 ,100%, 26.00 , 130.00 , 35.00 , 175.00 ,, 35.00 , 175.00 ,,, N/A , not in drawing ,  LS  , 246.00 ,, 53.00 , 265.00 ,
,,,,,,,,,,,,,,,,,,,,,,,,,
02.02.04,,"Supply and install bi-metallic joint  at 1800mm FFL c/w termination, cover and all necessary accessories.",,No,2, 100.00 , 200.00 ,100%, 100.00 , 200.00 , 220.00 , 440.00 ,, 220.00 , 440.00 ,,, N/A , not in drawing ,  LS  , 570.00 ,, 299.00 , 598.00 ,
,,,,,,,,,,,,,,,,,,,,,,,,,
02.02.05,,Supply and install 25mm x 3mm Copper (Cu.) from bimetallic joint at ground floor to earth chamber c/w termination and all necessary accessories. (10m x 2 points),,M,20, 60.00 ," 1,200.00 ",100%, 60.00 ," 1,200.00 ", 85.00 ," 1,700.00 ",, 85.00 ," 1,700.00 ",,, N/A , not in drawing ,  LS  ," 1,500.00 ",, 67.00 ," 1,340.00 ",
,,,,,,,,,,,,,,,,,,,,,,,,,
02.02.06,,"Supply and install earthing connection to earth chamber using exothermic joint c/w exothermic welding, horizontal 25mm x 3mm Copper (Cu) tape (interlink earth), heavy duty type grounding chamber inc copperbond earth electrodes, couplings, clamp and all other necessary equipment to achieve system earth after interlinking of  5 ohms or below complying to BS7430",,LS,1, 650.00 , 650.00 ,100%, 650.00 , 650.00 ," 3,700.00 "," 3,700.00 ",," 3,700.00 "," 3,700.00 ",,, N/A , not in drawing ,  LS  ," 1,300.00 ",," 1,382.00 "," 1,382.00 ",
,,Heavy duty concrete chamber c/w earth bar, 650.00 ,NOS,1, 650.00 ,,,,,,,,,,,,,,,,,,,
,,,,,,,,,,,,,,,,,,,,,,,,,
02.03.00,,Guardhouse 2,,,,,,,,,,,,,,,,,,,,,,,
,,,,,,,,,,,,,,,,,,,,,,,,,
02.03.01,,"Supply and install Aluminium air terminal rod min diameter 1/2"" 500mm height c/w termination, mounting and all necessary accessories.",,No,4, 120.00 , 480.00 ,100%, 120.00 , 480.00 , 150.00 , 600.00 ,, 100.00 , 400.00 ,,, N/A , not in drawing ,  LS  , 660.00 ,, 174.00 , 696.00 ,
,,,,,,,,,,,,,,,,,,,,,,,,,
02.03.02,,"Supply and install 25mm x 3mm horizontal mesh Aluminium (Al) tape c/w square tape clamp, tape to tape joint, aluminium b-bond clamp, aluminium expansion flexible braid bond, stainless steel fastener clip, glue down/adhesive non-metallic dc tape clip  and all necessary accessories at Roof level for complete installation",,M,40, 30.00 ," 1,200.00 ",100%, 30.00 ," 1,200.00 ", 40.00 ," 1,600.00 ",, 35.00 ," 1,400.00 ",,, N/A , not in drawing ,  LS  ," 4,980.00 ",, 42.00 ," 1,680.00 ",
,,,,,,,,,,,,,,,,,,,,,,,,,
02.03.03,,"Supply and install 25mm x 3mm vertical down conductor Aluminium (Al) tape run in PVC conduit/trunking from roof level to bi-metallic joint at ground floor, encased in column c/w tape to tape joint and all necessary accessories.",,M,5, 26.00 , 130.00 ,100%, 26.00 , 130.00 , 35.00 , 175.00 ,, 35.00 , 175.00 ,,, N/A , not in drawing ,  LS  , 246.00 ,, 53.00 , 265.00 ,
,,,,,,,,,,,,,,,,,,,,,,,,,
02.03.04,,"Supply and install bi-metallic joint  at 1800mm FFL c/w termination, cover and all necessary accessories.",,No,2, 100.00 , 200.00 ,100%, 100.00 , 200.00 , 220.00 , 440.00 ,, 220.00 , 440.00 ,,, N/A , not in drawing ,  LS  , 570.00 ,, 299.00 , 598.00 ,
,,,,,,,,,,,,,,,,,,,,,,,,,
02.03.05,,Supply and install 25mm x 3mm Copper (Cu.) from bimetallic joint at ground floor to earth chamber c/w termination and all necessary accessories. (10m x 2 points),,M,20, 60.00 ," 1,200.00 ",100%, 60.00 ," 1,200.00 ", 85.00 ," 1,700.00 ",, 85.00 ," 1,700.00 ",,, N/A , not in drawing ,  LS  ," 1,500.00 ",, 67.00 ," 1,340.00 ",
,,,,,,,,,,,,,,,,,,,,,,,,,
02.03.06,,"Supply and install earthing connection to earth chamber using exothermic joint c/w exothermic welding, horizontal 25mm x 3mm Copper (Cu) tape (interlink earth), heavy duty type grounding chamber inc copperbond earth electrodes, couplings, clamp and all other necessary equipment to achieve system earth after interlinking of  5 ohms or below complying to BS7430",,LS,1, 650.00 , 650.00 ,100%, 650.00 , 650.00 ," 3,700.00 "," 3,700.00 ",," 3,700.00 "," 3,700.00 ",,, N/A , not in drawing ,  LS  ," 1,300.00 ",," 1,382.00 "," 1,382.00 ",
,,Heavy duty concrete chamber c/w earth bar, 650.00 ,NOS,1, 650.00 ,,,,,,,,,,,,,,,,,,,
,,,,,,,,,,,,,,,,,,,,,,,,,
02.04.00,,"OTHER ITEMS
Other items not mentioned in the previous
breakdown sheet but shown in the
drawings or described in the specification
and required by legislation or obviously
necessary FOR completion and efficient
operation of the installation. If all
items have been included write “NIL”,
otherwise full details are to be given",,,,,,,,,,,,,,,,,,,,,,,
02.04.01,,,,,,,,,,,,,,,,,,,,,,,,,
02.04.02,,,,,,,,,,,,,,,,,,,,,,,,,
02.04.03,,,,,,,,,,,,,,,,,,,,,,,,,
,,,,,,,,,,,,,,,,,,,,,,,,,
,,Total 02.00.00 To Be Carried Forward To Summary of Tender Prices,,,,," 324,840.00 ",,," 324,840.00 ",," 388,802.00 ",,," 354,370.00 ",,," 579,431.60 ",,," 508,538.00 ",,," 530,741.00 ",
03.00.00,,EARTHING SYSTEM,,,,,,,,,,,,,,,,,,,,,,,
,,,,,,,,,,,,,,,,,,,,,,,,,
03.01.00,,To supply and install six way earth bar c/w termination and all necessary accessories.,,No,29, 500.00 ," 14,500.00 ",100%, 500.00 ," 14,500.00 ", 500.00 ," 14,500.00 ", 29 NOS , 500.00 ," 14,500.00 ", 29 NOS ,," 13,804.00 ", 29 NOS ,  LS  ," 16,100.00 ",, 597.00 ," 17,313.00 ", 29 NOS 
,,,,,ori 23,,,,,,,,,,,,,,,,,,,,
,,PVC Cable,,,,,,,,,,,,,,,,,,,,,,,
03.02.00,,Supply and install respective PVC conductor cable and equip-potential from earth bar to service pilecap level as shown in drawing c/w termination and all necessary accessories.,,,,,,,,,,,,,,,,,,,,,,,
03.02.01,,Detail 1,,No,29,, -   ,100%, -   , -   ," 2,520.00 "," 75,600.00 ", 30 nos ," 2,520.00 "," 75,600.00 ", 30 nos ,, Included in item 02.01.05 , 53 nos ,  LS  ," 43,765.00 ",,, -   ,
03.02.02,,Detail 2,,No,14," 1,800.00 "," 25,200.00 ",100%," 1,800.00 "," 25,200.00 "," 2,700.00 "," 37,800.00 ",," 2,700.00 "," 37,800.00 ",,," 31,202.30 ",,  LS  ," 24,566.00 ",," 2,549.00 "," 35,686.00 ",
,,120 PVC (CU), 100.00 ,M,10," 1,000.00 ",,,,,,,,,,,,,,,,,,,
,,95 PVC (CU), 80.00 ,M,10, 800.00 ,,,,,,,,,,,,,,,,,,,
03.02.03,,Detail 3,,No,11," 2,300.00 "," 25,300.00 ",100%," 2,300.00 "," 25,300.00 "," 2,820.00 "," 31,020.00 ",," 2,820.00 "," 31,020.00 ",,," 30,674.40 ",,  LS  ," 22,665.00 ",," 3,120.00 "," 34,320.00 ",
,,150 PVC (CU), 150.00 ,M,10," 1,500.00 ",,,,,,,,,,,,,,,,,,,
,,95 PVC (CU), 80.00 ,M,10, 800.00 ,,,,,,,,,,,,,,,,,,,
03.02.04,,Detail 4,,No,2," 3,600.00 "," 7,200.00 ",100%," 3,600.00 "," 7,200.00 "," 3,120.00 "," 6,240.00 ",," 3,120.00 "," 6,240.00 ",,," 7,066.20 ",,  LS  ," 7,696.00 ",," 4,027.00 "," 8,054.00 ",
,,120 PVC (CU), 100.00 ,M,20," 2,000.00 ",,,,,,,,,,,,,,,,,,,
,,95 PVC (CU), 80.00 ,M,20," 1,600.00 ",,,,,,,,,,,,,,,,,,,
03.02.05,,Detail 5,,No,1," 8,280.00 "," 8,280.00 ",100%," 8,280.00 "," 8,280.00 "," 5,850.00 "," 5,850.00 ",," 5,850.00 "," 5,850.00 ",,," 6,523.60 ",,  LS  ," 9,350.00 ",," 7,926.00 "," 7,926.00 ",
,,150 PVC (CU), 150.00 ,M,36," 5,400.00 ",,,,,,,,,,,,,,,,,,,
,,95 PVC (CU), 80.00 ,M,36," 2,880.00 ",,,,,,,,,,,,,,,,,,,
03.02.06,,Detail 6,,No,1," 8,280.00 "," 8,280.00 ",100%," 8,280.00 "," 8,280.00 "," 5,850.00 "," 5,850.00 ",," 5,850.00 "," 5,850.00 ",,," 6,407.30 ",,  LS  ," 9,350.00 ",," 7,926.00 "," 7,926.00 ",
,,150 PVC (CU), 150.00 ,M,36," 5,400.00 ",,,,,,,,,,,,,,,,,,,
,,95 PVC (CU), 80.00 ,M,36," 2,880.00 ",,,,,,,,,,,,,,,,,,,
,,,,,,,,,,,,,,,,,,,,,,,,,
03.03.00,,"Supply and install heavy duty inspection earth chamber from frame/neutral earth bar c/w 95mm2 copper PVC cable, tape, clamps, copperbond earth electrodes, couplings, exothermic joints, and all necessary accessories.",,Lot,58," 2,000.00 "," 116,000.00 ",100%," 2,000.00 "," 116,000.00 "," 1,467.24 "," 85,100.00 ", 1 lot ," 85,100.00 "," 85,100.00 ", 1 lot ," 1,696.86 "," 49,208.90 ", 29 nos ,  LS  ," 121,238.00 ",," 3,042.00 "," 88,218.00 ", 29 NOS 
,,,,,,,,,,,,,,,,,,,,,,,,,
03.04.00,,"Supply and install earthing connection  at service pilecap using  exothermic joints for cable to copper tape, cable to rebar  c/w exothermic welding, 25mm x 3mm horizontal interlinking tapes for equipment earthing to achieve 1 ohms or below complying to  BS 7430.",,LS,1," 121,600.00 "," 121,600.00 ",100%," 121,600.00 "," 121,600.00 "," 110,540.00 "," 110,540.00 ",," 72,780.00 "," 72,780.00 ",,," 79,702.40 ",,  LS  ," 97,545.00 ",," 106,567.00 "," 106,567.00 ",
,,Exothermic welding, 120.00 ,NOS,180," 21,600.00 ",,,,,,,,,,,,,,,,,,,
,,25mm x 3mm copper tape, 100.00 ,M,"1,000"," 100,000.00 ",,,,,,,,,,,,,,,,,,,
,,,,,,,,,,,,,,,,,,,,,,,,,
03.05.00,,"OTHER ITEMS
Other items not mentioned in the previous
breakdown sheet but shown in the
drawings or described in the specification
and required by legislation or obviously
necessary FOR completion and efficient
operation of the installation. If all
items have been included write “NIL”,
otherwise full details are to be given",,,,,,,,,,,,,,,,,,,,,,,
03.05.01,,,,,,,,,,,,,,,,,,,,,,,,,
03.05.02,,,,,,,,,,,,,,,,,,,,,,,,,
03.05.03,,,,,,,,,,,,,,,,,,,,,,,,,
,,,,,,,,,,,,,,,,,,,,,,,,,
,,Total 03.00.00 To Be Carried Forward To Summary of Tender Prices,,,,," 326,360.00 ",,," 326,360.00 ",," 372,500.00 ",,," 334,740.00 ",,," 224,589.10 ",,," 352,275.00 ",,," 306,010.00 ",
,,Grand Total To Be Carried Forward To Summary of Tender Prices,,,,," 717,200.00 ",,," 717,200.00 ",," 827,302.00 ",,," 755,110.00 ",,," 886,220.70 ",,," 336,175.00 ",,," 940,951.00 ",
