ALP2 - ELV - BOQ,,,,,,,,,,,,,,,,,,,,,,,,,
,,,,,,,,,,,1,,,2,,,3,,,4,,,5,,
,,,,,, BASE COST ,,100%, SUBMISSION ,, SKK ,,, NSI ,,, WINCOMM ,,, ACMALITE ,,, BASTION ,,
ITEM,,DESCRIPTION,,UNIT,QTY," RATE 
(RM) "," AMOUNT 
(RM) ",," RATE 
(RM) "," AMOUNT 
(RM) "," RATE 
(RM) "," AMOUNT 
(RM) ", REMARK ," RATE 
(RM) "," AMOUNT 
(RM) ", REMARK ," RATE 
(RM) "," AMOUNT 
(RM) ", REMARK ," RATE 
(RM) "," AMOUNT 
(RM) ", REMARK ," RATE 
(RM) "," AMOUNT 
(RM) ", REMARK 
,,,,,,,,,,,,,,,,,,,,,,,,,
01.00.00,,PRELIMINARIES AND GENERAL CONDITIONS,,,,,,,,,,,,,,,,,,,,,,,
,,,,,,,,,,,,,,,,,,,,,,,,,
01.01.00,,"Compliance to the conditions of contract, main contract document, tender specification etc. ",,Lot,1,, -   ,100%, -   , -   , COMPLY , COMPLY ,, Included , Included ,, Inclusive , Inclusive ,," 2,000.00 "," 2,000.00 ",, inclusive , inclusive ,
,,,,,,,,,,,,,,,,,,,,,,,,,
01.02.00,,"Submission to all authorities, obtaining approval from the authorities for the drawings, installations and compliance with all authorities requirements.",,Lot,1,, -   ,100%, -   , -   , Inclusive , Inclusive ,," 2,000.00 "," 2,000.00 ",, Inclusive , Inclusive ,," 2,000.00 "," 2,000.00 ",," 1,000.00 "," 1,000.00 ",
,,,,,,,,,,,,,,,,,,,,,,,,,
01.03.00,,"Arrangements for all authority's inspections and testing, issuance of clearance letters, certificates and licenses.",,Lot,1,, -   ,100%, -   , -   , Inclusive , Inclusive ,," 2,000.00 "," 2,000.00 ",, Inclusive , Inclusive ,," 2,000.00 "," 2,000.00 ",," 1,000.00 "," 1,000.00 ",
,,,,,,,,,,,,,,,,,,,,,,,,,
01.04.00,,Submission of shop drawings to consultant's approval and material sample board before commencement of work at site.,,Lot,1,, -   ,100%, -   , -   ," 4,000.00 "," 4,000.00 ",," 3,000.00 "," 3,000.00 ",," 2,000.00 "," 2,000.00 ",," 4,000.00 "," 4,000.00 ",," 5,000.00 "," 5,000.00 ",
,,,,,,,,,,,,,,,,,,,,,,,,,
01.05.00,,"For compliance with the requirement for as-built drawings/data, Operational and Maintenance Instruction and Manual, 5 sets of hard cover bound documents of operation manuals, parts catalogues, testing results and as built drawing and two softcopys in CD form or USB thumbdrive.",,Lot,1,, -   ,100%, -   , -   ," 1,000.00 "," 1,000.00 ",," 1,000.00 "," 1,000.00 ",," 2,000.00 "," 2,000.00 ",," 4,000.00 "," 4,000.00 ",," 5,000.00 "," 5,000.00 ",
,,,,,,,,,,,,,,,,,,,,,,,,,
01.06.00,,"Performance Bond, Workmen compensation insurance or SOCSO.",,Lot,1,, -   ,100%, -   , -   ," 3,759.00 "," 3,759.00 ",," 1,500.00 "," 1,500.00 ",," 5,000.00 "," 5,000.00 ",," 4,000.00 "," 4,000.00 ",," 5,000.00 "," 5,000.00 ",
,,,,,,,,,,,,,,,,,,,,,,,,,
01.07.00,,Full time site supervisor for the duration of the project and liaison/coordination with other subcontractors.,,Lot,1,, -   ,100%, -   , -   ," 29,455.20 "," 29,455.20 ",," 24,000.00 "," 24,000.00 ",," 20,000.00 "," 20,000.00 ",," 60,000.00 "," 60,000.00 ",," 60,000.00 "," 60,000.00 ",
,,,,,,,,,,,,,,,,,,,,,,,,,
01.08.00,,"Complete labelling, painting and finishing works to architect's/consultant's requirements. ~ Inclusive",,Lot,1,, -   ,100%, -   , -   , Inclusive , Inclusive ,, Included , Included ,," 2,000.00 "," 2,000.00 ",," 1,000.00 "," 1,000.00 ",," 3,000.00 "," 3,000.00 ",
,,,,,,,,,,,,,,,,,,,,,,,,,
01.09.00,,Site clearing and cleanliness of site. ~ Inclusive,,Lot,1,, -   ,100%, -   , -   , Inclusive , Inclusive ,, Included , Included ,," 2,000.00 "," 2,000.00 ",," 1,000.00 "," 1,000.00 ",, inclusive , inclusive ,
,,,,,,,,,,,,,,,,,,,,,,,,,
01.10.00,,To carry out Service and Maintaining of all equipment and  system for 24 months Defects and Liability Period (DLP) after obtaining CPC from the SO. Scope of works and frequency as per specification.,,,,,,,,,,,, Included ,,,,,,,,,,,
01.10.01,,Cost for First Year,,Lot,1,, -   ,100%, -   , -   ," 20,984.40 "," 20,984.40 ",," 6,000.00 "," 6,000.00 ",," 4,000.00 "," 4,000.00 ",," 24,000.00 "," 24,000.00 ",," 10,000.00 "," 10,000.00 ",
01.10.02,,Cost for Second Year,,Lot,1,, -   ,100%, -   , -   ," 21,506.40 "," 21,506.40 ",," 6,000.00 "," 6,000.00 ",," 4,000.00 "," 4,000.00 ",," 24,000.00 "," 24,000.00 ",," 10,000.00 "," 10,000.00 ",
,,,,,,,,,,,,,,,,,,,,,,,,,
01.11.00,,Scissor lifts or scaffolding to perform the physical installation works due to high ceiling space.,,Lot,1,, -   ,100%, -   , -   ," 5,000.00 "," 5,000.00 ",," 70,000.00 "," 70,000.00 ",," 36,000.00 "," 36,000.00 ", 6000/MONTH ," 6,000.00 "," 6,000.00 ",, inclusive , inclusive ,
,,,,,,,,,,,,,,,,,,,,,,,,,
01.12.00,,Temporary ply wood to protect the finished floor or cost to repair the concrete floor finish due to scratches or chipping caused by subcontractor machineries. ~ Inclusive,,Lot,1,, -   ,100%, -   , -   , Inclusive , Inclusive ,, -   , -   ,," 3,000.00 "," 3,000.00 ",," 2,000.00 "," 2,000.00 ",, inclusive , inclusive ,
,,,,,,,,,,,,,,,,,,,,,,,,,
01.13.00,,"Price for any other items not mentioned in the above items but shown in the drawings or described in the specification or obviously deemed necessary for complete installation, satisfactory and efficient operation and maintenance for ELV Services to authorities approval and good engineering practice. If no details are to be given below, it is deemed that the tenderer has allowed and captured the above items in the tender prices.",,,,,,,,,,,,,,,,,,,,,,,
,,,,,,,,,,,,,,,,,,,,,,,,,
,,,,,,,,,,,,,,,,,,,,,,,,,
,,,,,,,,,,,,,,,,,,,,,,,,,
,,"Total 01.00.00 To Be Carried Forward
To Summary of Tender Prices",,,,, -   ,,, -   ,," 85,705.00 ",,," 115,500.00 ",,," 80,000.00 ",,," 136,000.00 ",,," 100,000.00 ",
,,,,,,,,,,,,,,,,,,,,,,,,,
02.00.00,,"TELECOMMUNICATION SERVICES .
To supply & install Telecommunication  system c/w necessary ancillary civil works including excavation of earth, backfilling, compaction and to reinstate to road finish level as per S.O direction. The contractor shall have TM registration and comply to TM specification.",,,,,,,,,,,,,,,,,,,,,,,
,,,,,,,,,,,,,,,,,,,,,,,,,
02.01.00,,External Telephone Infrastructure - From limit of works to MDF,,,,,,,,,,,,, Telekom Incoming Provisional as there is No drawings' ,,,,,,,,,,
,,,,,,,,,,,,,,,,,,,,,,,,,
02.01.01,,JC9C Manhole,,No,2,, -   ,100%, -   , -   ," 4,565.70 "," 9,131.40 ",," 5,000.00 "," 10,000.00 ",," 5,500.00 "," 11,000.00 ",," 4,000.00 "," 8,000.00 ",," 6,000.00 "," 12,000.00 ",
,,,,,,,,,,,,,,,,,,,,,,,,,
02.01.02,,"To supply and install 4 way 100mm dia PVC UPVC underground duct encased in concrete (To Telekom Malaysia approval)
Approx Length: 120m",,Lot,1,, -   ,100%, -   , -   ," 13,369.50 "," 13,369.50 ",," 24,000.00 "," 24,000.00 ", 200/M ," 9,600.00 "," 9,600.00 ", 80/M ," 10,400.00 "," 10,400.00 ",," 23,400.00 "," 23,400.00 ",
,,,,,,,,,,,,,,,,,,,,,,,,,
02.01.03,,To supply and install 4 way 100mm dia GI Pipe (For road and drainage crossing),,M,Rate Only,, Rate Only ,,, Rate Only , 396.50 , Rate Only ,, 800.00 , Rate Only ,,, Rate Only ,, 800.00 , Rate Only ,,, Rate Only ,
,,,,,,,,,,,,,,,,,,,,,,,,,
02.01.04,,"Telephone Pit (18"" x 18"" x Depth)",,No,3,, -   ,100%, -   , -   ," 1,176.30 "," 3,528.90 ",, 880.00 ," 2,640.00 ",, 650.00 ," 1,950.00 ",," 2,000.00 "," 6,000.00 ",," 4,000.00 "," 12,000.00 ",
,,,,,,,,,,,,,,,,,,,,,,,,,
02.02.00,,Internal Telephone Services,,,,,,,,,,,,,,,,,,,,,,,
,,,,,,,,,,,,,,,,,,,,,,,,,
02.02.01,,"Supply and install complete system of fibre distribution frame c/w inter- wiring, splicing works & necessary accessories as per drawings and Telekom's specification.",,,,,,,,,,,,,,,,,,,,,,,
02.02.01.1,,Main Fiber Termination Board,,Lot,1,, -   ,100%, -   , -   ," 12,382.50 "," 12,382.50 ",," 7,200.00 "," 7,200.00 ",," 14,400.00 "," 14,400.00 ",," 25,600.00 "," 25,600.00 ",," 10,000.00 "," 10,000.00 ",
,,,,,,,,,,,,,,,,,,,,,,,,,
02.02.02,,"Supply and install MDF Room accessories to comply with Telekom requirements (Trunking, Cable Ladder, epoxy paint finishes etc) as per Telekom's specification.",,Lot,1,, -   ,100%, -   , -   ," 2,580.00 "," 2,580.00 ",," 8,000.00 "," 8,000.00 ",," 2,000.00 "," 2,000.00 ",," 4,000.00 "," 4,000.00 ",," 1,000.00 "," 1,000.00 ",
,,,,,,,,,,,,,,,,,,,,,,,,,
02.02.03,,To supply and install complete earthing system connected to earthing termination bar and other necessary accessories as per IEE wiring regulations. (Earthbar and external earth chambers provided by others) ~ Inclusive,,,,,,,,,,,,,,," 2,000.00 "," 2,000.00 ", 1 LOT ," 1,000.00 "," 1,000.00 ",," 1,000.00 "," 1,000.00 ",
,,,,,,,,,,,,,,,,,,,,,,,,,
02.02.04,,Supply and install optical riser/vertical cable in trunking/cable tray c/w splicing works from MDF to the FTB of all respective floor as per drawings and specification.,,,,,,,,,,,,,,,,,,,,,,,
02.02.04.1,,"4 Core SM Fiber Optic Cable
Approx Length: m",,Lot,Rate Only,, Rate Only ,,, Rate Only , 43.24 , Rate Only ,,, Rate Only ,, 58/meter length , Rate Only ,, 17.00 , Rate Only ,, 15.00 , Rate Only ,
02.02.04.2,,"4 Core SM Fiber Optic Cable to Fire Control Room
Approx Length: m",,Lot,Rate Only,, Rate Only ,,, Rate Only , 43.24 , Rate Only ,,, Rate Only ,, 58/meter length , Rate Only ,, 19.00 , Rate Only ,, 15.00 , Rate Only ,
02.02.04.3,,"8 Core SM Fiber Optic Cable
Approx Length: m",,Lot,Rate Only,, Rate Only ,,, Rate Only , 44.74 , Rate Only ,,, Rate Only ,, 58/meter length , Rate Only ,, 26.00 , Rate Only ,, 18.00 , Rate Only ,
02.02.04.4,,"16 Core SM Fiber Optic Cable
Approx Length: 2900m",,Lot,1,, -   ,100%, -   , -   ," 149,100.60 "," 149,100.60 ",," 109,200.00 "," 109,200.00 ", 28/M ," 101,500.00 "," 101,500.00 ", 35/M ," 63,800.00 "," 63,800.00 ",," 56,550.00 "," 56,550.00 ",
02.02.04.5,,"48 Core SM Fiber Optic Cable
Approx Length: 210m",,Lot,1,, -   ,100%, -   , -   ," 12,229.14 "," 12,229.14 ",," 9,600.00 "," 9,600.00 ", 40/M ," 9,450.00 "," 9,450.00 ", 45/M ," 5,936.00 "," 5,936.00 ",," 5,460.00 "," 5,460.00 ",
,,,,,,,,,,,,,,,,,,,,,,,,,
02.02.05,,"Supply and install 2 core SM Fibre Optic Cable in trunking/concealed conduit from the FTB to the Soho Box c/w splicing, cabling & equipment all as per drawings and specifications.",,Lot,Rate Only,, Rate Only ,,, Rate Only , TBD , Rate Only ,, 20.00 , Rate Only ,, rm500/Point , Rate Only ,,, Rate Only ,, 15.00 , Rate Only ,
,,,,,,,,,,,,,,,,,,,,,,,,,
02.02.06,,Supply and install Fibre Termination Box (FTB) as per drawings and Telekom's specification.,,,,,,,,,,,,,,,,,,,,,,,
02.02.06.1,,4 Port FTB,,No,Rate Only,, Rate Only ,,, Rate Only , 267.40 , Rate Only ,,, Rate Only ,, 150.00 , Rate Only ,, 173.00 , Rate Only ,,, Rate Only ,
02.02.06.2,,8 Port FTB,,No,Rate Only,, Rate Only ,,, Rate Only , 601.90 , Rate Only ,,, Rate Only ,, 200.00 , Rate Only ,, 247.00 , Rate Only ,,, Rate Only ,
02.02.06.3,,16 Port FTB,,No,23,, -   ,100%, -   , -   ," 1,008.30 "," 23,190.90 ",, 240.00 ," 5,520.00 ",, 300.00 ," 6,900.00 ",, 447.00 ," 10,281.00 ",, 400.00 ," 9,200.00 ",
02.02.06.4,,24 Port FTB,,No,Rate Only,, Rate Only ,,, Rate Only ," 1,414.70 ", Rate Only ,,, Rate Only ,, 400.00 , Rate Only ,, 573.00 , Rate Only ,,, Rate Only ,
02.02.06.4,,48 Port FTB,,No,2,, -   ,100%, -   , -   ," 2,708.90 "," 5,417.80 ",, 430.00 , 860.00 ,, 550.00 ," 1,100.00 ",," 1,013.00 "," 2,026.00 ",, 650.00 ," 1,300.00 ",
02.02.06.5,,SOHO Box,,Lot,Rate Only,, Rate Only ,,, Rate Only , 158.00 , Rate Only ,,, Rate Only ,, 150.00 , Rate Only ,, 320.00 , Rate Only ,,, Rate Only ,
,,,,,,,,,,,,,,,,,,,,,,,,,
02.03.00,,Testing and Commissioning of the whole Telephone system.,,Lot,1,, -   ,100%, -   , -   ," 3,669.90 "," 3,669.90 ",," 6,000.00 "," 6,000.00 ",," 7,000.00 "," 7,000.00 ",," 8,000.00 "," 8,000.00 ",," 10,000.00 "," 10,000.00 ",
,,,,,,,,,,,,,,,,,,,,,,,,,
02.04.00,,"Price for any other items not mentioned in the above items but shown in the drawings or described in the specification or obviously deemed necessary for complete installation, satisfactory and efficient operation and maintenance for Telecommunication Services to authorities approval and good engineering practice. If no details are to be given below, it is deemed that the tenderer has allowed and captured the above items in the tender prices.",,,,,,,,,,,,,,,,,,,,,,,
,,,,,,,,,,,,,,,,,,,,,,,,,
,,,,,,,,,,,,,,,,,,,,,,,,,
,,,,,,,,,,,,,,,,,,,,,,,,,
,,"Total 02.00.00 To Be Carried Forward
To Summary of Tender Prices",,,,, -   ,,, -   ,," 234,600.64 ",,," 183,020.00 ",,," 166,900.00 ",,," 145,043.00 ",,," 141,910.00 ",
,,,,,,,,,,,,,,,,,,,,,,,,,
03.00.00,,SECURITY SERVICES,,,,,,,,,,,,,,,,,,,,,,,
,,,,,,,,,,,,,,,,,,,,,,,,,
03.01.00,,"CCTV System
To  supply,  install,  testing,  commissioning  and handover  the CCTV  System  c/w  all  necessary accessories for complete installation.",,,,,,,,,,,,,,,,,,,,,,,
,,,,,,,,,,,,,,,,,,,,,,,,,
03.01.01,,"To  supply  &  install  CCTV  main  equipment c/w 
- Wall mounted rack 
- 32 Channel Network Video Recorder c/w (Recording  Up to 90 Days, Based on Motion Recording, 15fps), H.265+/H.265/ H.264+/H.264/ MPEG4 Video Compression,  Recording  at Up to 8MP, Supports  Live  View, Storage   and   Playback   of   the   Connected   Camera,   Upto   4   SATA   Interfaces Connectable for HDD Connection.  
- 24/48 port network switch
- 24/48 port UTP patch panel
- Fiber patch panel
- Power and data surge arrestor
- HDMI cable / Cat6 cable
- Surge protection devices (SPD) for both data and power 
lines
and necessary accessories to complete installation. 
(Located at Control Room and Management Office)",,Lot,2,, -   ,100%, -   , -   ," 29,557.50 "," 59,115.00 ",," 24,000.00 "," 96,000.00 ", 4 NOS ," 80,000.00 "," 80,000.00 ", 1LOT ," 18,933.00 "," 37,866.00 ",," 123,700.00 "," 247,400.00 ",
,,,,,,,,,,,,,,,,,,,,,,,,,
03.01.02,,"3kVA UPS c/w 90 minutes backup battery, battery charger, battery   rack   and   other   necessary accessories to complete installation.",,No,2,, -   ,100%, -   , -   ," 5,555.50 "," 11,111.00 ",," 10,000.00 "," 20,000.00 ",," 7,000.00 "," 14,000.00 ",," 8,400.00 "," 16,800.00 ",," 16,300.00 "," 32,600.00 ",
,,,,,,,,,,,,,,,,,,,,,,,,,
03.01.03,,"Workstation computer c/w  patch cord, CCTV Management System Software and all other accessories (Located at Management Office)",,No,1,, -   ,100%, -   , -   ," 23,649.20 "," 23,649.20 ",," 4,900.00 "," 4,900.00 ",," 10,000.00 "," 10,000.00 ",," 8,000.00 "," 8,000.00 ",," 10,000.00 "," 10,000.00 ",
,,,,,,,,,,,,,,,,,,,,,,,,,
03.01.04,,40 inch CCTV monitor c/w HDMI Cable and Wall Mounting Bracket complete with bracket support and all other necessary accessories. (Located at MO),,No,4,, -   ,100%, -   , -   ," 1,506.10 "," 6,024.40 ",," 1,600.00 "," 6,400.00 ",," 2,500.00 "," 10,000.00 ",," 2,000.00 "," 8,000.00 ",," 2,500.00 "," 10,000.00 ",
,,,,,,,,,,,,,,,,,,,,,,,,,
03.01.05,,"To supply and install 5MP IR Bullet Camera Weatherproof (IP67 Rating) c/w sensor bracket, and all necessary accessories.",,No,37,, -   ,100%, -   , -   , 393.50 ," 14,559.50 ",, 600.00 ," 22,200.00 ",, 500.00 ," 18,500.00 ",, 573.00 ," 21,201.00 ",," 1,100.00 "," 40,700.00 ",
,,,,,,,,,,,,,,,,,,,,,,,,,
03.01.06,,"To  supply  and  install 5MP  Dome  Camera  c/w  sensor  bracket,  and  all  necessary accessories. (exclude for staircase)",,No,41,, -   ,100%, -   , -   , 393.50 ," 16,133.50 ",, 580.00 ," 23,780.00 ",, 500.00 ," 20,500.00 ",, 573.00 ," 23,493.00 ",," 1,100.00 "," 45,100.00 ",
,,,,,,,,,,,,,,,,,,,,,,,,,
03.01.07,,To supply & install Dome Cameras at Staircase c/w all necessary accessories.,,No,29,, -   ,100%, -   , -   , 290.80 ," 8,433.20 ",, 390.00 ," 11,310.00 ",, 500.00 ," 14,500.00 ",, 573.00 ," 16,617.00 ",," 1,100.00 "," 31,900.00 ",
,,,,,,,,,,,,,,,,,,,,,,,,,
03.01.08,,4m height HDG Pole c/w HDG mounting bracket inclusive of drilling and all other accessories for complete installation.,,No,12,, -   ,100%, -   , -   ," 3,705.40 "," 44,464.80 ",," 2,200.00 "," 26,400.00 ",," 1,600.00 "," 19,200.00 ",," 1,800.00 "," 21,600.00 ",," 3,000.00 "," 36,000.00 ",
,,,,,,,,,,,,,,,,,,,,,,,,,
03.01.09,,To supply and install Media Converter from network switch to devices.,,No,43,, -   ,100%, -   , -   ," 2,667.20 "," 114,689.60 ",, 180.00 ," 7,740.00 ",," 40,000.00 "," 40,000.00 ", 1LOT , 300.00 ," 12,900.00 ",," 8,000.00 "," 344,000.00 ",
,,,,,,,,,,,,,,,,,,,,,,,,,
03.01.10,,"To supply and install CCTV signal cabling 12C single mode fibre optic from Control Room to Management office in PVC  Class D or HDPE Duct encased in concrete at road crossing, termination   and   etc   for   complete installation. 
Approximate length: 100m",,LS,1,, -   ,100%, -   , -   ," 5,141.40 "," 5,141.40 ",," 4,500.00 "," 4,500.00 ", 45/M ," 6,000.00 "," 6,000.00 ",," 2,800.00 "," 2,800.00 ",," 5,500.00 "," 5,500.00 ",
,,,,,,,,,,,,,,,,,,,,,,,,,
03.01.11,,"To supply and install CCTV signal cabling 2C outdoor armoured single mode fibre optic from Main CCTV Rack to switches at media converters in trunking / PVC Class D / HDPE Duct encased in concrete at road crossing c/w termination   and   etc   for   complete installation. 
",,Lot,43,, -   ,100%, -   , -   ," 5,621.20 "," 241,711.60 ",," 3,000.00 "," 129,000.00 ",," 60,000.00 "," 60,000.00 ", 1LOT ," 1,000.00 "," 43,000.00 ",," 13,000.00 "," 559,000.00 ",
,,,,,,,,,,,,,,,,,,,,,,,,,
03.01.12,,"To supply and install Cat6 Cables from media converter/ network switch to CCTV c/w termination   and   etc   for   complete installation
",,Lot,78,, -   ,100%, -   , -   , 500.40 ," 39,031.20 ",, 600.00 ," 46,800.00 ",," 70,000.00 "," 70,000.00 ", 1LOT , 600.00 ," 46,800.00 ",," 1,200.00 "," 93,600.00 ",
,,,,,,,,,,,,,,,,,,,,,,,,,
03.01.13,,Dome camera stairs,,Lot,29,, -   ,100%, -   , -   , 500.40 ," 14,511.60 ",, 650.00 ," 18,850.00 ",, refer 03.01.07 , refer 03.01.08 ,, 600.00 ," 17,400.00 ",," 1,200.00 "," 34,800.00 ",
,,,,,,,,,,,,,,,,,,,,,,,,,
03.01.14,,To supply and install complete earthing system for CCTV system and other necessary accessories. ,,Lot,Rate Only,, Rate only ,,, Rate only , -   , Rate only ,,, Rate only ,," 1,500.00 ", Rate only ,," 2,000.00 ", Rate only ,,, Rate only ,
,,,,,,,,,,,,,,,,,,,,,,,,,
03.01.15,,Testing & Commissioning of the whole CCTV system,,Lot,1,, -   ,100%, -   , -   ," 3,669.90 "," 3,669.90 ",," 8,000.00 "," 8,000.00 ",," 8,000.00 "," 8,000.00 ",," 4,000.00 "," 4,000.00 ",," 10,000.00 "," 10,000.00 ",
,,,,,,,,,,,,,,,,,,,,,,,,,
03.01.16,,To Supply CCTV Console Table c/w 2 Swivel Chairs (Located at Control Room).,,No,1,, -   ,100%, -   , -   , 421.10 , 421.10 ,," 1,000.00 "," 1,000.00 ",," 5,000.00 "," 5,000.00 ",," 2,800.00 "," 2,800.00 ",," 10,000.00 "," 10,000.00 ",
,,,,,,,,,,,,,,,,,,,,,,,,,
03.01.17,,Lightning power surge protection for all external CCTV (External and Roof),,No,29,, -   ,100%, -   , -   , 83.20 ," 2,412.80 ",," 1,400.00 "," 40,600.00 ",, 150.00 ," 4,350.00 ",, 600.00 ," 17,400.00 ",," 1,000.00 "," 29,000.00 ",
,,,,,,,,,,,,,,,,,,,,,,,,,
03.02.00,,"Barrier Gate
To supply, delivery, installation, testing and commissioning of Barrier Gate System Equipment etc. in accordance with specification and drawings.",,,,,,,,,,,,,,,,,,,,,,,
,,,,,,,,,,,,,,,,,,,,,,,,,
03.02.01,,Workstation computer c/w  card access Management System Software and all other accessories (Located at Control Room),,Lot,1,, -   ,100%, -   , -   ," 4,999.20 "," 4,999.20 ",," 4,600.00 "," 4,600.00 ",," 15,000.00 "," 15,000.00 ",," 21,427.00 "," 21,427.00 ",," 6,000.00 "," 6,000.00 ",
,,,,,,,,,,,,,,,,,,,,,,,,,
03.02.02,,Dual band cards (UHF & Mifare).,,No,200,, -   ,100%, -   , -   , 5.40 ," 1,080.00 ",, 22.00 ," 4,400.00 ",, 10.00 ," 2,000.00 ",, 10.00 ," 2,000.00 ",, 25.00 ," 5,000.00 ",
,,,,,,,,,,,,,,,,,,,,,,,,,
03.02.03,,3.5m Aluminium straight arm vehicle barrier boom gate,,Lot,Rate only,, Rate only ,,, Rate only ," 2,801.90 ", Rate only ,," 3,800.00 ", Rate only ,,, Rate only ,," 3,500.00 ", Rate only ,,, Rate only ,
,,,,,,,,,,,,,,,,,,,,,,,,,
03.02.04,,5m Aluminium straight arm vehicle barrier boom gate,,Lot,2,, -   ,100%, -   , -   ," 3,001.90 "," 6,003.80 ",," 4,400.00 "," 8,800.00 ",," 6,000.00 "," 12,000.00 ",," 4,000.00 "," 8,000.00 ",," 10,000.00 "," 20,000.00 ",
,,,,,,,,,,,,,,,,,,,,,,,,,
03.02.05,,Data switch (Guard house 1  & guard house 2),,Lot,2,, -   ,100%, -   , -   ," 2,667.20 "," 5,334.40 ",," 2,400.00 "," 4,800.00 ",," 1,500.00 "," 3,000.00 ",," 6,749.00 "," 13,498.00 ",," 8,000.00 "," 16,000.00 ",
,,,,,,,,,,,,,,,,,,,,,,,,,
03.02.06,,"Controller c/w intercom, power supply, back up battery, power and data surge arrestor and signal cablings for vehicle access boom gate system from switch to controller, from controller to barrier gate, reader and push button in trunking/G.I  conduit/GI  Duct/Concealed  PVC conduit, termination and etc to complete installation.",,Lot,2,, -   ,100%, -   , -   ," 2,077.40 "," 4,154.80 ",," 12,000.00 "," 24,000.00 ",," 1,500.00 "," 3,000.00 ",," 4,120.00 "," 8,240.00 ",," 5,500.00 "," 11,000.00 ",
,,,,,,,,,,,,,,,,,,,,,,,,,
03.02.07,,Manual Push Button.,,Lot,2,, -   ,100%, -   , -   , 296.50 , 593.00 ,, 140.00 , 280.00 ,, 300.00 , 600.00 ,, 160.00 , 320.00 ,, 60.00 , 120.00 ,
,,,,,,,,,,,,,,,,,,,,,,,,,
03.02.08,,Long range Access Reader (min 5m range) c/w all necessary accessories.,,Lot,2,, -   ,100%, -   , -   ," 2,992.30 "," 5,984.60 ",," 2,900.00 "," 5,800.00 ",," 3,500.00 "," 7,000.00 ",," 2,640.00 "," 5,280.00 ",," 4,000.00 "," 8,000.00 ",
,,,,,,,,,,,,,,,,,,,,,,,,,
03.02.09,,Vehicle double loop detector on driveway at  barrier gate and connection to barrier gate c/w road cutting and make good,,Lot,2,, -   ,100%, -   , -   , 801.50 ," 1,603.00 ",, 800.00 ," 1,600.00 ",," 2,000.00 "," 4,000.00 ",, 520.00 ," 1,040.00 ",, 500.00 ," 1,000.00 ",
,,,,,,,,,,,,,,,,,,,,,,,,,
03.02.10,,To supply and install complete earthing system for Barrier gate system and other necessary accessories.,,Lot,1,, -   ,100%, -   , -   ," 1,412.60 "," 1,412.60 ",," 2,000.00 "," 2,000.00 ",," 1,500.00 "," 1,500.00 ",," 1,000.00 "," 1,000.00 ",," 1,000.00 "," 1,000.00 ",
,,,,,,,,,,,,,,,,,,,,,,,,,
03.02.11,,Testing & Commissioning of the whole Barrier gate system,,Lot,1,, -   ,100%, -   , -   ," 1,223.30 "," 1,223.30 ",," 3,000.00 "," 3,000.00 ",," 2,000.00 "," 2,000.00 ",," 4,000.00 "," 4,000.00 ",," 5,000.00 "," 5,000.00 ",
,,,,,,,,,,,,,,,,,,,,,,,,,
03.03.00,,"Supply, delivery, install, testing and commissioning of Security Card Access System Equipment c/w all necessary accessories for complete installation in accordance with specification and drawings.",,,,,,,,,,,,,,,,,,,,,,,
,,,,,,,,,,,,,,,,,,,,,,,,,
03.03.01,,Supply and install CAT6 cable in concealed uPVC conduit (c/w fiber mesh wrap) from core switch to control panel  for card access c/w termination and all necessary accessories.,,Lot,115,, -   ,100%, -   , -   , 500.40 ," 57,546.00 ",, 600.00 ," 69,000.00 ",, 500.00 ," 57,500.00 ",, 400.00 ," 46,000.00 ",, 400.00 ," 46,000.00 ",
,,,,,,,,,,,,,,,,,,,,,,,,,
03.03.02,,"Supply and install door controller c/w fire alarm input, mounting bracket and all necessary accessories.",,Lot,115,, -   ,100%, -   , -   , 841.10 ," 96,726.50 ",," 1,800.00 "," 207,000.00 ",," 1,050.00 "," 120,750.00 ",," 1,200.00 "," 138,000.00 ",," 1,400.00 "," 161,000.00 ",
,,,,,,,,,,,,,,,,,,,,,,,,,
03.03.03,,Supply and install short range card reader c/w biometric and passcode feature at door entrance.                                                                                                                                ,,No,115,, -   ,100%, -   , -   , 247.80 ," 28,497.00 ",," 1,200.00 "," 138,000.00 ",, 500.00 ," 57,500.00 ",,, included in item 3.01 ,, 300.00 ," 34,500.00 ",
,,,,,,,,,,,,,,,,,,,,,,,,,
03.03.04,,Supply and install touchless exit button at door exit.,,No,115,, -   ,100%, -   , -   , 200.20 ," 23,023.00 ",, 280.00 ," 32,200.00 ",, 30.00 ," 3,450.00 ",, 191.00 ," 21,965.00 ",, 80.00 ," 9,200.00 ",
,,,,,,,,,,,,,,,,,,,,,,,,,
03.03.05,,Supply and install electromagnet lock c/w magnetic contact.,,Lot,115,, -   ,100%, -   , -   , 191.50 ," 22,022.50 ",, 180.00 ," 20,700.00 ",, 150.00 ," 17,250.00 ",, 160.00 ," 18,400.00 ",, 300.00 ," 34,500.00 ",
,,,,,,,,,,,,,,,,,,,,,,,,,
03.03.06,,Supply and install emergency break glass and keyswitch.,,No,115,, -   ,100%, -   , -   , 354.70 ," 40,790.50 ",, 100.00 ," 11,500.00 ",, 35.00 ," 4,025.00 ",, 100.00 ," 11,500.00 ",, 140.00 ," 16,100.00 ",
,,,,,,,,,,,,,,,,,,,,,,,,,
03.03.07,,"Supply and install all cabling in uPVC conduit (c/w fiber mesh wrap) from control panel to card reader, push button, emergency break glass, keyswitch and electromagnet lock.",,Lot,115,, -   ,100%, -   , -   , 101.10 ," 11,626.50 ",, 500.00 ," 57,500.00 ",, 250.00 ," 28,750.00 ",, 400.00 ," 46,000.00 ",," 1,600.00 "," 184,000.00 ",
,,,,,,,,,,,,,,,,,,,,,,,,,
03.03.08,,"To supply and install master computer set for card access control system at management office c/w desktop, monitor, keyboard and surge protector in management office.",,Lot,1,, -   ,100%, -   , -   ," 19,405.30 "," 19,405.30 ",," 5,900.00 "," 5,900.00 ",," 20,000.00 "," 20,000.00 ",," 6,400.00 "," 6,400.00 ",," 18,000.00 "," 18,000.00 ",
,,,,,,,,,,,,,,,,,,,,,,,,,
03.03.09,,To supply and install CAT6 cable from 48 port switch to card access computer at Management Office in concealed upvc conduit c/w termination.,,Lot,1,, -   ,100%, -   , -   , 801.30 , 801.30 ,," 2,000.00 "," 2,000.00 ",, 500.00 , 500.00 ,, 800.00 , 800.00 ,," 1,200.00 "," 1,200.00 ",
,,,,,,,,,,,,,,,,,,,,,,,,,
03.03.10,,Supply and install UPS for backup power 1 hours to 48 port card access switch and PC.,,Lot,1,, -   ,100%, -   , -   ," 5,555.50 "," 5,555.50 ",," 6,000.00 "," 6,000.00 ",," 12,000.00 "," 12,000.00 ",," 6,000.00 "," 6,000.00 ",,, -   ,
,,,,,,,,,,,,,,,,,,,,,,,,,
03.03.11,,Testing and commissioning of the above system.,,Lot,1,, -   ,100%, -   , -   ," 3,669.90 "," 3,669.90 ",," 7,500.00 "," 7,500.00 ",," 25,000.00 "," 25,000.00 ",," 6,000.00 "," 6,000.00 ",," 10,000.00 "," 10,000.00 ",
,,,,,,,,,,,,,,,,,,,,,,,,,
03.04.00,,"Price for any other items not mentioned in the above items but shown in the drawings or described in the specification or obviously deemed necessary for complete installation, satisfactory and efficient operation and maintenance for Telecommunication Services to authorities approval and good engineering practice. If no details are to be given below, it is deemed that the tenderer has allowed and captured the above items in the tender prices.",,,,,,,,,,,,,,,,,,,,,,,
,,24port/8 port poe smart manage switch for cctv and card access controller at riser (ACMALITE),,nos,13,,,,,,,,,,,,,,," 1,476.00 "," 19,188.00 ",,,,
,,APC  12HU wall mount rack (ACMALITE),,nos,13,,,,,,,,,,,,,,," 5,273.00 "," 68,549.00 ",,,,
,,,,,,,,,,,,,,,,,,,,,,,,,
,,,,,,,,,,,,,,,,,,,,,,,,,
,,"Total 03.00.00 To Be Carried Forward
To Summary of Tender Prices",,,,, -   ,,, -   ,," 947,132.50 ",,," 1,084,060.00 ",,," 776,875.00 ",,," 754,284.00 ",,," 2,127,220.00 ",
,,,,,,,,,,,,,,,,,,,,,,,,,
04.00.00,,ASRS SERVER ROOM,,,,,,,,,,,,,,,,,,,,,,,
,,,,,,,,,,,,,,,,,,,,,,,,,
04.01.00,,ELV Installation @ ASRS Area,,,,,,,,,,,,,,,,,,,,,,,
,,,,,,,,,,,,,,,,,,,,,,,,,
04.01.01,,"To supply and install UTP Cat 6A 4P cable inclusive of cable containment, G.I. conduit, brackets, accessories, cable marking and termination from individual point (ASRS crane panel location) to the nearest server rack : -",,Lot,112,, -   ,100%, -   , -   , 622.20 ," 69,686.40 ",, 850.00 ," 95,200.00 ",," 1,000.00 "," 112,000.00 ",, 760.00 ," 85,120.00 ",," 1,200.00 "," 134,400.00 ",
,,,,,,,,,,,,,,,,,,,,,,,,,
,,,,,,,,,,,,,,,,,,,,,,,,,
04.02.00,,"To supply and install 8C SM LSFH fibre optic cable inclusive of cable containment, accessories, cable marking and termination.",,,,,,,,,,,,,,,,,, 24.00 , nil ,,,,
,,,,,,,,,,,,,,,,,,,,,,,,,
04.02.01,,Ground Floor,,,,,,,,,,,,,,,,,,,,,,,
,,,,,,,,,,,,,,,,,,,,,,,,,
04.02.01.01,,From GF-A server rack to GF-B server rack using 2 x 8C SM LSFH fibre optic cable.,,m,35,, -   ,100%, -   , -   , 109.40 ," 3,829.00 ",, 42.00 ," 1,680.00 ", 40M , 60.00 ," 2,100.00 ",, 28.00 , 980.00 ,, 120.00 ," 4,200.00 ",
,,,,,,,,,,,,,,,,,,,,,,,,,
04.02.01.02,,From GF-A server rack to Secondary server room using 2 x 8C SM LSFH fibre optic cable.,,m,50,, -   ,100%, -   , -   , 109.40 ," 5,470.00 ",, 42.00 ," 5,040.00 ", 120M , 60.00 ," 3,000.00 ",, 28.00 ," 1,400.00 ",, 120.00 ," 6,000.00 ",
,,,,,,,,,,,,,,,,,,,,,,,,,
04.02.01.03,,From GF-B server rack to Main server room using 2 x 8C SM LSFH fibre optic cable.,,m,42,, -   ,100%, -   , -   , 109.40 ," 4,594.80 ",, 42.00 ," 5,040.00 ", 120M , 60.00 ," 2,520.00 ",, 28.00 ," 1,176.00 ",, 120.00 ," 5,040.00 ",
,,,,,,,,,,,,,,,,,,,,,,,,,
,,,,,,,,,,,,,,,,,,,,,,,,,
04.02.02,,1F,,,,,,,,,,,,,,,,,,,,,,,
,,,,,,,,,,,,,,,,,,,,,,,,,
04.02.02.01,,From 1F-A server rack to 1F-B server rack using 2 x 8C SM LSFH fibre optic cable.,,m,35,, -   ,100%, -   , -   , 109.40 ," 3,829.00 ",, 42.00 ," 1,680.00 ", 40M , 60.00 ," 2,100.00 ",, 28.00 , 980.00 ,, 120.00 ," 4,200.00 ",
,,,,,,,,,,,,,,,,,,,,,,,,,
04.02.02.02,,From 1F-A server rack to Secondary server room using 2 x 8C SM LSFH fibre optic cable.,,m,38,, -   ,100%, -   , -   , 109.40 ," 4,157.20 ",, 42.00 ," 5,670.00 ", 135M , 60.00 ," 2,280.00 ",, 28.00 ," 1,064.00 ",, 120.00 ," 4,560.00 ",
,,,,,,,,,,,,,,,,,,,,,,,,,
04.02.02.03,,From 1F-B server rack to Main server room using 2 x 8C SM LSFH fibre optic cable.,,m,31,, -   ,100%, -   , -   , 109.40 ," 3,391.40 ",, 42.00 ," 5,670.00 ", 135M , 60.00 ," 1,860.00 ",, 28.00 , 868.00 ,, 120.00 ," 3,720.00 ",
,,,,,,,,,,,,,,,,,,,,,,,,,
04.02.03,,2F,,,,,,,,,,,,,,,,,,,,,,,
,,,,,,,,,,,,,,,,,,,,,,,,,
04.02.03.01,,From 2F-A server rack to 2F-B server rack using 2 x 8C SM LSFH fibre optic cable.,,m,35,, -   ,100%, -   , -   , 109.40 ," 3,829.00 ",, 42.00 ," 1,680.00 ", 40M , 60.00 ," 2,100.00 ",, 28.00 , 980.00 ,, 120.00 ," 4,200.00 ",
,,,,,,,,,,,,,,,,,,,,,,,,,
04.02.03.02,,From 2F-A server rack to Secondary server room using 2 x 8C SM LSFH fibre optic cable.,,m,50,, -   ,100%, -   , -   , 109.40 ," 5,470.00 ",, 42.00 ," 6,300.00 ", 150M , 60.00 ," 3,000.00 ",, 28.00 ," 1,400.00 ",, 120.00 ," 6,000.00 ",
,,,,,,,,,,,,,,,,,,,,,,,,,
04.02.03.03,,From 2F-B server rack to Main server room using 2 x 8C SM LSFH fibre optic cable.,,m,42,, -   ,100%, -   , -   , 109.40 ," 4,594.80 ",, 42.00 ," 6,300.00 ", 150M , 60.00 ," 2,520.00 ",, 28.00 ," 1,176.00 ",, 120.00 ," 5,040.00 ",
,,,,,,,,,,,,,,,,,,,,,,,,,
04.02.04,,3F,,,,,,,,,,,,,,,,,,,,,,,
,,,,,,,,,,,,,,,,,,,,,,,,,
04.02.04.01,,From 3F-A server rack to 3F-B server rack using 2 x 8C SM LSFH fibre optic cable.,,m,35,, -   ,100%, -   , -   , 109.40 ," 3,829.00 ",, 42.00 ," 1,680.00 ", 40M , 60.00 ," 2,100.00 ",, 28.00 , 980.00 ,, 120.00 ," 4,200.00 ",
,,,,,,,,,,,,,,,,,,,,,,,,,
04.02.04.02,,From 2F-A server rack to OLDF-048 server room using 2 x 8C SM LSFH fibre optic cable.,,m,61,, -   ,100%, -   , -   , 109.40 ," 6,673.40 ",, 42.00 ," 6,930.00 ", 165M , 60.00 ," 3,660.00 ",, 28.00 ," 1,708.00 ",, 120.00 ," 7,320.00 ",
,,,,,,,,,,,,,,,,,,,,,,,,,
04.02.04.03,,From 2F-B server rack to OLDF-3 ASRS server room using 2 x 8C SM LSFH fibre optic cable.,,m,53,, -   ,100%, -   , -   , 109.40 ," 5,798.20 ",, 42.00 ," 6,930.00 ", 165M , 60.00 ," 3,180.00 ",, 28.00 ," 1,484.00 ",, 120.00 ," 6,360.00 ",
,,,,,,,,,,,,,,,,,,,,,,,,,
04.03.00,,To supply and install 23' EIA/TIA 42U server rack include all necessary accessories and termination.,,,,,,,,,,,,,,,,,,,,,,,
,,,,,,,,,,,,,,,,,,,,,,,,,
04.03.01,,"ASRS main server room, equipment rack c/w face plates, power supplies (2 x 8 way SSO) and mounting hardware.",,Lot,6,, -   ,100%, -   , -   ," 12,596.10 "," 75,576.60 ",," 5,100.00 "," 30,600.00 ",," 20,000.00 "," 120,000.00 ",," 9,787.00 "," 58,722.00 ",," 12,000.00 "," 72,000.00 ",
,,,,,,,,,,,,,,,,,,,,,,,,,
04.03.02,,"ASRS secondary server room, equipment rack c/w face plates, power supplies (8 way SSO) and mounting hardware.",,Lot,6,, -   ,100%, -   , -   ," 2,851.50 "," 17,109.00 ",," 4,800.00 "," 28,800.00 ",," 20,000.00 "," 120,000.00 ",," 9,787.00 "," 58,722.00 ",," 12,000.00 "," 72,000.00 ",
,,,,,,,,,,,,,,,,,,,,,,,,,
04.04.00,,"Testing and commissioning inclusive of installaiton certification, training to maintenance staff, as-built drawings and O&M.",,Lot,1,, -   ,100%, -   , -   ," 3,669.90 "," 3,669.90 ",," 20,000.00 "," 20,000.00 ",," 10,000.00 "," 10,000.00 ",," 4,000.00 "," 4,000.00 ",," 1,000.00 "," 1,000.00 ",
,,,,,,,,,,,,,,,,,,,,,,,,,
04.05.00,,"Price for any other items not mentioned in the above items but shown in the drawings or described in the specification or obviously deemed necessary for complete installation, satisfactory and efficient operation and maintenance for Telecommunication Services to authorities approval and good engineering practice. If no details are to be given below, it is deemed that the tenderer has allowed and captured the above items in the tender prices.",,,,,,,,,,,,,,,,,,,,,,,
,,15U wall Mounted Racks (NSI),,nos,33,,,,,,,,," 1,400.00 "," 46,200.00 ",,,,,,,,,,
,,2x8c fiber to 15U racks (NSI),,m,33,,,,,,,,," 5,000.00 "," 165,000.00 ",,,,,,,,,,
,,"Fber Trays, Connectors, splicing & accessories (NSI)",,lot,33,,,,,,,,," 1,700.00 "," 56,100.00 ",,,,,,,,,,
,,ALL UPS for ASRS server rooms By Others (NSI),,,,,,,,,,,,,,,,,,,,,,,
,,5KVA UPS at server rack at server rooms (ACMALITE),,lot,12,,,,,,,,,,,,,,," 15,780.00 "," 189,360.00 ",,,,
,,"Wall mount 12U equipment rack c/w face plates, power supplies (8 way SSO) and mounting hardware. (ACMALITE)",,Lot,8,,,,,,,,,,,,,,," 5,273.00 "," 42,184.00 ",,,,
,,36 port fiber patch panel & cat6 patch panel & patch cord at wall mount  rack (ACMALITE),,Lot,8,,,,,,,,,,,,,,," 4,277.00 "," 34,216.00 ",,,,
,,1kva UPS at wall mount rack (ACMALITE),,Lot,8,,,,,,,,,,,,,,," 1,733.00 "," 13,864.00 ",,,,
,,"ICT room A and B  room, equipment rack c/w face plates, power supplies (8 way SSO) and mounting hardware. (BASTION)",,Lot,8,,,,,,,,,,,,,,,,,," 10,000.00 "," 80,000.00 ",
,,,,,,,,,,,,,,,,,,,,,,,,,
,,"Total 04.00.00 To Be Carried Forward
To Summary of Tender Prices",,,,, -   ,,, -   ,," 221,507.70 ",,," 496,500.00 ",,," 392,420.00 ",,," 500,384.00 ",,," 420,240.00 ",
,,GRAND TOTAL (RM),,,,, -   ,,, -   ,," 1,488,945.84 ",,," 1,879,080.00 ",,," 1,416,195.00 ",,," 1,535,711.00 ",,," 2,789,370.00 ",
,,,,,,,,,,,,,,,,,,,,,,,,,
,,,,,,,,,,,,,,,,,,,,,,,,,
,,,,,,,,,,,,,,,,,,,,,,,,,
,,,,,,,,,,,,,,,,,,,,,,,,,
,,,,,,,,,,,,,,,,,,,,,,,,,
,,,,,,,,,,,,,,,,,,,,,,,,,
,,,,,,,,,,,,,,,,,,,,,,,,,
,,,,,,,,,,,,,,,,,,,,,,,,,
,,,,,,,,,,,,,,,,,,,,,,,,,
,,,,,,,,,,,,,,,,,,,,,,,,,
,,,,,,,,,,,,,,,,,,,,,,,,,
